ApplicationID,Gender,Married,Dependents,Education,SelfEmployed,ApplicantIncome,CoapplicantIncome,LoanAmount,LoanTermMonths,CreditHistory,PropertyArea,LoanApproved
200000,Female,Yes,0,Graduate,Yes,44777.64,29854.0,138319.65,180,1,Semiurban,1
200001,Male,No,1,Graduate,Yes,48876.1,4141.54,160099.95,360,1,Rural,1
200002,Male,No,0,Not Graduate,No,44470.71,21764.84,125251.77,60,1,Semiurban,0
200003,Female,No,3,Graduate,No,62105.7,24512.26,99200.23,60,0,Rural,1
200004,Male,Yes,3,Graduate,No,66795.32,19268.93,62761.98,240,1,Urban,1
200005,Male,No,3,Not Graduate,Yes,54245.8,12092.29,97233.79,60,1,Rural,1
200006,Female,Yes,0,Not Graduate,Yes,44910.33,30159.37,133804.56,60,1,Urban,1
200007,Female,No,3,Not Graduate,Yes,49379.94,15966.2,160593.96,360,0,Urban,1
200008,Female,Yes,2,Graduate,Yes,50293.99,5148.14,200518.97,180,0,Urban,0
200009,Female,Yes,1,Not Graduate,Yes,37963.55,-494.74,127712.13,60,1,Rural,0
200010,Male,Yes,3,Graduate,No,58683.93,32608.5,105901.96,240,0,Rural,0
200011,Male,No,3,Graduate,No,56900.63,26166.64,77864.26,180,1,Urban,1
200012,Male,No,1,Not Graduate,No,73106.62,20879.74,174003.18,240,1,Semiurban,0
200013,Male,No,1,Not Graduate,Yes,68830.25,15597.25,219159.73,60,0,Rural,0
200014,Female,Yes,1,Not Graduate,No,39714.88,14710.02,213316.51,180,0,Rural,0
200015,Female,No,0,Graduate,No,62304.48,9242.63,185496.64,60,1,Rural,1
200016,Female,No,0,Graduate,No,35735.7,15685.44,181927.17,360,1,Rural,1
200017,Female,Yes,3,Graduate,No,60438.98,-1200.87,234881.19,180,0,Urban,0
200018,Male,No,1,Not Graduate,Yes,42250.79,12639.36,166604.07,240,1,Semiurban,1
200019,Male,Yes,3,Graduate,Yes,34651.2,16890.62,182306.48,360,0,Semiurban,0
200020,Female,No,3,Graduate,No,54200.68,26098.8,133960.81,120,1,Semiurban,1
200021,Male,Yes,3,Graduate,No,9881.49,19600.74,81897.83,240,0,Semiurban,0
200022,Male,Yes,0,Graduate,No,23735.37,27949.23,115807.55,60,0,Urban,1
200023,Female,No,1,Not Graduate,No,47337.62,33491.35,149542.05,240,1,Rural,1
200024,Male,Yes,3,Graduate,No,51236.63,30581.7,153039.27,120,0,Rural,0
200025,Female,No,0,Not Graduate,No,44460.22,24705.1,246314.29,240,1,Urban,1
200026,Male,No,2,Not Graduate,No,26308.46,20118.63,154063.86,360,1,Rural,0
200027,Male,No,2,Graduate,No,37731.62,10192.12,208942.17,240,1,Urban,1
200028,Female,No,3,Graduate,No,55868.14,27399.44,128246.14,180,1,Semiurban,1
200029,Female,Yes,3,Not Graduate,Yes,58726.73,36797.47,134416.21,120,1,Urban,1
200030,Female,Yes,1,Graduate,No,49756.65,23421.06,83549.62,240,0,Rural,0
200031,Male,Yes,1,Not Graduate,Yes,67352.51,39172.59,112883.6,120,1,Rural,1
200032,Female,No,3,Graduate,Yes,55960.96,4744.28,176349.07,360,1,Rural,1
200033,Male,No,0,Graduate,No,38788.17,8458.37,150378.01,180,0,Semiurban,0
200034,Female,Yes,3,Not Graduate,No,45792.47,28552.02,197146.93,60,1,Urban,1
200035,Male,Yes,1,Graduate,Yes,28957.01,22642.9,159062.7,240,1,Urban,1
200036,Female,No,1,Not Graduate,Yes,48377.92,33137.82,132377.31,360,1,Rural,1
200037,Female,No,0,Not Graduate,No,66681.51,19845.28,257414.84,120,1,Urban,1
200038,Male,No,3,Graduate,Yes,60279.35,11320.25,145304.82,120,1,Rural,1
200039,Male,Yes,1,Not Graduate,No,71030.14,17864.07,208150.05,360,0,Urban,1
200040,Female,No,3,Graduate,No,45456.72,4673.16,129939.54,240,1,Semiurban,1
200041,Male,Yes,1,Graduate,Yes,70191.5,8714.09,185479.97,60,0,Semiurban,1
200042,Female,No,2,Graduate,No,47100.44,29724.44,196400.78,240,1,Urban,1
200043,Male,Yes,2,Not Graduate,Yes,72073.78,28727.87,160424.6,180,1,Semiurban,1
200044,Male,No,2,Graduate,No,49672.15,23630.04,32275.85,240,1,Semiurban,1
200045,Female,Yes,1,Graduate,No,60608.47,2789.22,150912.62,180,1,Semiurban,1
200046,Female,Yes,0,Not Graduate,Yes,72126.69,16415.96,211523.0,120,1,Rural,1
200047,Male,Yes,2,Not Graduate,Yes,47098.59,7750.0,176374.04,180,1,Urban,1
200048,Male,No,1,Not Graduate,No,53275.83,31765.33,172291.94,60,1,Urban,1
200049,Male,Yes,3,Not Graduate,No,69332.95,14162.78,63887.15,360,1,Rural,1
200050,Male,Yes,2,Graduate,Yes,48004.95,9142.52,113977.25,180,1,Rural,1
200051,Female,No,0,Graduate,No,30186.62,20297.96,170567.88,240,1,Semiurban,1
200052,Female,Yes,0,Graduate,Yes,82145.11,13598.46,170519.16,180,1,Urban,1
200053,Male,Yes,0,Graduate,Yes,42953.53,34837.44,210733.34,120,1,Rural,1
200054,Female,No,3,Not Graduate,Yes,52381.34,12651.89,142756.66,180,1,Semiurban,1
200055,Male,Yes,3,Not Graduate,No,67340.1,6007.72,170291.2,60,1,Urban,1
200056,Male,No,0,Graduate,Yes,40872.59,-1529.14,150818.71,180,1,Semiurban,1
200057,Male,Yes,0,Not Graduate,No,34881.98,19692.13,100652.86,60,1,Urban,1
200058,Female,No,0,Not Graduate,Yes,53806.06,14380.7,37210.43,240,0,Semiurban,0
200059,Male,Yes,3,Not Graduate,No,23103.85,5710.95,171550.48,120,1,Urban,1
200060,Female,Yes,3,Not Graduate,No,45681.41,31892.26,158697.36,360,1,Urban,1
200061,Female,Yes,1,Not Graduate,Yes,53675.58,26672.45,119091.25,240,0,Urban,0
200062,Male,No,2,Graduate,Yes,45950.72,19717.82,69041.35,240,1,Urban,1
200063,Female,Yes,3,Graduate,Yes,26848.24,33643.26,181486.98,360,1,Semiurban,1
200064,Male,Yes,0,Not Graduate,No,73912.67,26625.36,136704.0,180,1,Rural,1
200065,Male,No,2,Not Graduate,No,51553.07,11771.44,177843.74,180,1,Urban,0
200066,Female,No,3,Graduate,No,71467.28,9607.8,243202.43,180,0,Urban,1
200067,Male,No,2,Graduate,Yes,46099.46,28179.82,42928.46,120,0,Urban,1
200068,Female,Yes,1,Not Graduate,Yes,36799.82,23963.67,115019.96,240,1,Urban,1
200069,Female,Yes,3,Not Graduate,Yes,54037.71,21697.48,139531.22,60,0,Semiurban,1
200070,Female,Yes,0,Not Graduate,Yes,46763.19,11535.02,222741.31,360,1,Rural,0
200071,Male,No,0,Graduate,Yes,32333.58,26079.48,68179.85,240,1,Rural,1
200072,Female,No,1,Not Graduate,No,72046.76,12445.01,246793.05,180,0,Rural,1
200073,Male,Yes,1,Not Graduate,Yes,40665.95,18980.13,156792.8,360,1,Semiurban,1
200074,Male,Yes,1,Not Graduate,No,22396.0,34469.44,145199.97,60,1,Rural,1
200075,Female,No,1,Not Graduate,Yes,69922.49,13391.66,140097.01,240,1,Semiurban,0
200076,Female,No,1,Not Graduate,Yes,42435.53,4270.11,128186.85,240,1,Semiurban,0
200077,Male,No,3,Not Graduate,Yes,40882.64,9474.53,202405.84,120,1,Urban,1
200078,Female,Yes,3,Not Graduate,Yes,23519.19,29942.99,96573.96,240,1,Semiurban,1
200079,Female,No,2,Not Graduate,Yes,76114.12,22547.31,167270.71,240,1,Rural,0
200080,Female,No,1,Graduate,No,30657.79,18711.23,130790.92,60,1,Rural,1
200081,Male,No,0,Graduate,Yes,50876.74,14909.06,111893.33,60,0,Rural,1
200082,Female,No,0,Graduate,No,63689.3,24853.6,279298.76,360,0,Urban,1
200083,Male,Yes,1,Not Graduate,No,56325.75,11508.95,170952.54,180,1,Urban,1
200084,Male,No,1,Graduate,No,49105.19,23056.66,180663.28,60,0,Urban,1
200085,Female,Yes,1,Graduate,No,24475.01,12687.45,206888.84,360,1,Semiurban,0
200086,Female,Yes,1,Graduate,Yes,37854.13,11023.41,78932.5,240,1,Rural,1
200087,Male,No,1,Graduate,Yes,52817.01,13625.13,237614.6,360,1,Semiurban,1
200088,Male,No,0,Graduate,Yes,38192.39,16245.93,24552.14,360,1,Semiurban,1
200089,Female,Yes,2,Not Graduate,Yes,53050.39,19511.7,111561.68,360,1,Rural,1
200090,Male,No,1,Graduate,Yes,60226.15,22354.56,127048.42,360,1,Urban,1
200091,Female,Yes,1,Not Graduate,No,64437.54,-16883.65,179086.17,60,1,Rural,1
200092,Male,No,1,Not Graduate,Yes,31607.31,11923.49,160935.91,180,1,Semiurban,1
200093,Female,Yes,3,Graduate,Yes,82949.69,16084.3,141659.26,360,0,Semiurban,0
200094,Male,Yes,0,Not Graduate,No,61512.19,35050.62,149400.13,120,1,Urban,1
200095,Female,Yes,0,Graduate,Yes,49974.29,9199.97,101098.85,240,0,Semiurban,1
200096,Female,No,2,Not Graduate,Yes,66343.05,21627.97,75138.38,240,0,Semiurban,1
200097,Male,Yes,3,Not Graduate,No,85481.12,34950.3,186325.58,240,1,Rural,1
200098,Female,Yes,3,Graduate,Yes,28419.2,6870.31,184685.31,240,1,Urban,0
200099,Male,No,3,Not Graduate,No,46621.06,23939.75,229224.72,240,1,Rural,0
200100,Male,No,2,Not Graduate,No,14323.53,11977.28,110499.15,360,0,Rural,1
200101,Male,Yes,2,Not Graduate,Yes,52889.77,14953.66,184640.76,180,1,Rural,1
200102,Male,Yes,2,Not Graduate,No,55480.91,11968.89,135814.66,120,1,Semiurban,1
200103,Female,No,3,Not Graduate,Yes,49412.57,12681.43,209523.75,60,1,Semiurban,1
200104,Male,Yes,0,Not Graduate,Yes,40182.0,47219.12,201098.14,120,1,Urban,0
200105,Male,No,3,Not Graduate,Yes,19257.28,28444.56,160560.47,60,0,Semiurban,0
200106,Male,No,2,Not Graduate,No,55603.01,31017.38,133023.49,60,1,Urban,1
200107,Female,No,3,Graduate,No,71831.52,24919.93,198046.61,120,0,Rural,0
200108,Male,Yes,1,Not Graduate,No,41134.72,3937.43,182345.23,360,1,Rural,1
200109,Female,No,3,Graduate,No,56600.9,23949.58,115777.98,240,1,Semiurban,1
200110,Female,Yes,3,Graduate,No,26477.84,30729.3,83610.07,360,0,Semiurban,0
200111,Male,Yes,0,Not Graduate,No,56858.2,11466.01,135573.35,240,1,Urban,0
200112,Female,No,0,Not Graduate,No,44099.27,29653.27,225770.69,180,0,Semiurban,0
200113,Male,No,0,Graduate,No,38563.73,27043.36,207324.36,60,1,Semiurban,0
200114,Female,No,1,Graduate,No,38594.55,38520.4,94383.63,120,1,Semiurban,1
200115,Female,No,0,Graduate,No,44095.83,15822.17,91612.13,180,1,Rural,1
200116,Male,Yes,1,Not Graduate,No,55736.5,9023.89,213734.19,240,0,Semiurban,1
200117,Female,Yes,2,Not Graduate,Yes,30317.55,16383.72,93218.2,360,0,Semiurban,0
200118,Male,No,0,Not Graduate,No,44043.27,34355.71,175464.77,120,1,Rural,1
200119,Female,Yes,3,Graduate,Yes,49377.92,1715.94,119196.44,60,1,Rural,1
200120,Male,No,3,Not Graduate,Yes,33514.41,-683.76,230852.25,180,1,Rural,0
200121,Male,Yes,1,Not Graduate,Yes,76949.98,20893.95,111478.76,60,1,Rural,1
200122,Male,Yes,0,Not Graduate,Yes,37197.57,15574.11,207168.08,240,1,Semiurban,1
200123,Male,Yes,3,Not Graduate,No,39958.45,20077.28,159242.93,60,1,Semiurban,1
200124,Female,No,2,Graduate,Yes,35325.38,29453.12,162609.74,360,0,Semiurban,1
200125,Male,Yes,0,Not Graduate,Yes,76977.2,14474.31,51484.57,180,1,Urban,1
200126,Male,Yes,2,Not Graduate,Yes,58293.58,1269.94,39854.33,180,0,Rural,1
200127,Male,Yes,3,Graduate,No,35951.12,40444.82,138971.7,360,1,Semiurban,1
200128,Male,Yes,0,Not Graduate,Yes,66593.47,10027.72,162345.3,60,1,Semiurban,1
200129,Female,No,1,Graduate,Yes,53010.48,9409.63,93740.11,360,0,Semiurban,1
200130,Male,Yes,3,Graduate,No,53858.8,31037.2,95565.33,120,1,Rural,1
200131,Female,No,2,Not Graduate,No,44832.84,16155.11,178073.63,360,0,Rural,1
200132,Male,No,0,Graduate,No,38758.76,19366.1,178142.72,60,0,Rural,1
200133,Male,Yes,2,Not Graduate,No,55066.49,24827.9,143112.95,360,1,Semiurban,1
200134,Male,Yes,2,Graduate,No,41823.69,30835.83,189010.09,240,1,Rural,1
200135,Male,No,1,Graduate,No,77251.33,16665.39,91289.89,360,1,Semiurban,1
200136,Male,No,1,Not Graduate,No,30960.63,35199.52,132203.25,360,1,Urban,1
200137,Male,No,3,Graduate,No,73042.35,-1358.0,232393.88,60,1,Rural,1
200138,Female,Yes,1,Not Graduate,No,48330.22,27597.87,153416.11,120,1,Rural,1
200139,Female,Yes,1,Not Graduate,Yes,54486.29,11604.72,156315.63,120,1,Semiurban,1
200140,Male,No,3,Not Graduate,No,62497.37,33722.71,265297.33,60,1,Rural,0
200141,Male,No,3,Not Graduate,Yes,40546.26,21420.44,80032.89,60,1,Rural,1
200142,Male,No,3,Graduate,Yes,62963.73,13270.95,189821.52,60,1,Semiurban,1
200143,Female,Yes,3,Not Graduate,No,9386.84,26628.41,233199.31,240,1,Semiurban,0
200144,Male,Yes,2,Graduate,No,39200.16,28931.88,133757.1,180,1,Semiurban,1
200145,Female,No,2,Not Graduate,No,36139.06,26418.94,192981.54,360,1,Urban,1
200146,Female,Yes,3,Graduate,No,31197.41,9703.04,100899.03,60,1,Semiurban,1
200147,Female,No,3,Graduate,Yes,46775.68,15159.83,115663.38,60,1,Rural,1
200148,Female,Yes,0,Graduate,Yes,55786.25,19959.27,169248.32,60,1,Urban,1
200149,Female,No,0,Graduate,No,60539.9,19587.4,189928.33,120,0,Semiurban,0
200150,Male,Yes,0,Not Graduate,Yes,53613.15,27497.45,206046.83,60,1,Urban,1
200151,Female,Yes,1,Not Graduate,No,40014.6,-149.01,228481.43,360,1,Urban,1
200152,Female,Yes,2,Graduate,Yes,55535.25,23343.27,146627.67,60,0,Rural,0
200153,Male,Yes,2,Graduate,Yes,51864.29,17100.19,209680.59,360,0,Urban,1
200154,Male,Yes,0,Not Graduate,No,64040.84,11614.99,132884.76,240,1,Semiurban,1
200155,Female,Yes,0,Graduate,No,61654.05,12575.13,195104.57,180,1,Urban,1
200156,Male,Yes,2,Graduate,Yes,50457.15,17854.62,160374.44,120,1,Urban,1
200157,Male,No,1,Not Graduate,No,36541.2,-16010.85,172283.9,360,1,Rural,1
200158,Male,No,0,Graduate,Yes,40205.75,12987.1,171175.39,240,0,Rural,0
200159,Female,No,3,Graduate,No,41753.16,11241.85,69764.75,180,1,Semiurban,1
200160,Female,Yes,0,Not Graduate,No,45271.0,25327.83,93793.91,180,0,Rural,0
200161,Male,Yes,2,Graduate,No,54020.76,11944.73,155127.07,180,1,Semiurban,1
200162,Male,Yes,2,Not Graduate,No,60727.62,17848.86,65636.05,360,0,Semiurban,0
200163,Female,No,0,Not Graduate,No,49233.22,35422.77,191560.56,240,1,Rural,1
200164,Female,No,0,Not Graduate,No,50241.87,29943.52,193577.8,60,1,Urban,0
200165,Male,No,3,Not Graduate,No,52149.59,29022.71,166358.53,240,1,Rural,1
200166,Female,No,3,Graduate,Yes,42261.42,15001.28,93943.3,240,1,Urban,1
200167,Female,No,1,Not Graduate,No,36119.12,25430.32,219006.95,240,1,Urban,0
200168,Male,No,1,Not Graduate,Yes,23668.43,17661.02,251860.53,360,0,Semiurban,0
200169,Male,Yes,3,Graduate,No,39572.76,18039.07,157353.84,360,1,Semiurban,1
200170,Female,No,1,Not Graduate,Yes,57097.18,24096.85,175526.77,360,1,Rural,1
200171,Female,Yes,1,Graduate,No,39456.33,14030.06,160086.93,240,1,Urban,1
200172,Female,No,0,Not Graduate,No,46432.89,34930.03,176518.46,360,1,Rural,1
200173,Male,No,3,Not Graduate,Yes,56996.47,18398.7,144022.06,180,0,Semiurban,0
200174,Male,Yes,0,Not Graduate,No,57810.34,26183.61,148271.79,360,1,Urban,1
200175,Male,Yes,0,Not Graduate,No,33807.01,34556.0,195285.88,120,1,Rural,0
200176,Male,Yes,1,Graduate,No,64955.89,30316.54,267281.21,360,1,Rural,1
200177,Female,No,0,Graduate,No,66910.25,5910.81,79996.44,360,1,Semiurban,1
200178,Male,No,2,Graduate,No,33052.25,24448.96,144809.38,360,0,Semiurban,1
200179,Male,Yes,1,Not Graduate,Yes,37642.45,28507.19,90976.98,360,1,Semiurban,1
200180,Female,No,2,Not Graduate,No,67866.36,28918.63,229601.24,120,1,Semiurban,0
200181,Male,Yes,1,Not Graduate,Yes,47797.2,8867.05,120613.1,60,0,Rural,1
200182,Female,No,0,Graduate,Yes,16703.33,13429.65,77839.96,360,1,Semiurban,1
200183,Male,No,1,Not Graduate,Yes,29004.78,29945.58,181909.35,180,1,Semiurban,1
200184,Female,No,2,Graduate,Yes,46259.46,12382.4,237215.56,120,0,Rural,0
200185,Female,Yes,1,Graduate,Yes,32554.36,17003.04,183179.89,60,1,Rural,1
200186,Female,No,2,Graduate,Yes,43798.64,35758.76,160239.89,360,0,Urban,1
200187,Male,Yes,3,Not Graduate,Yes,50485.94,19522.01,170457.05,60,1,Rural,1
200188,Female,Yes,0,Not Graduate,Yes,71933.82,12732.26,220742.03,180,0,Urban,0
200189,Male,Yes,2,Not Graduate,No,45643.19,11223.83,106290.04,120,0,Semiurban,0
200190,Male,Yes,3,Not Graduate,Yes,66088.13,23327.19,144407.64,120,1,Urban,1
200191,Male,Yes,0,Graduate,No,71431.4,6668.52,127365.49,60,1,Urban,1
200192,Male,Yes,3,Graduate,Yes,71514.65,17526.64,91606.73,360,1,Semiurban,1
200193,Male,Yes,2,Not Graduate,Yes,54271.32,23332.31,133581.24,240,1,Semiurban,1
200194,Male,Yes,0,Not Graduate,No,20550.66,32991.5,205386.05,120,1,Semiurban,0
200195,Female,Yes,3,Not Graduate,Yes,56912.37,26675.48,178330.11,240,1,Urban,1
200196,Female,No,2,Graduate,No,65726.0,12859.35,182215.53,120,1,Rural,1
200197,Male,Yes,3,Not Graduate,Yes,48783.99,31784.19,157323.78,360,0,Rural,1
200198,Male,No,0,Graduate,No,76168.76,17004.85,176166.19,360,1,Rural,1
200199,Male,Yes,0,Graduate,No,62897.5,7642.97,109970.48,120,1,Semiurban,1
200200,Male,No,0,Graduate,Yes,58524.1,18279.59,134524.51,60,1,Semiurban,1
200201,Male,No,2,Graduate,Yes,66295.71,34381.69,159600.21,360,1,Rural,1
200202,Female,No,3,Graduate,Yes,55000.55,21652.4,163875.79,360,1,Semiurban,1
200203,Female,No,3,Graduate,Yes,12607.84,20125.22,166009.39,180,1,Urban,1
200204,Male,No,2,Graduate,No,42512.92,36372.12,143083.24,360,0,Urban,0
200205,Male,No,0,Not Graduate,No,67957.52,5686.45,131128.83,180,0,Semiurban,1
200206,Female,Yes,1,Not Graduate,No,37886.13,7144.01,307888.56,360,1,Rural,0
200207,Male,Yes,0,Not Graduate,No,46647.91,3841.54,195339.36,360,1,Rural,0
200208,Male,Yes,1,Graduate,No,34327.46,23726.48,170657.37,60,1,Urban,1
200209,Male,Yes,0,Graduate,No,76758.84,21664.93,138339.58,60,1,Semiurban,1
200210,Female,Yes,2,Not Graduate,No,75222.39,35427.36,127439.06,360,1,Rural,1
200211,Female,Yes,1,Graduate,Yes,36741.97,22434.75,143459.97,120,1,Rural,1
200212,Male,No,2,Graduate,Yes,52209.47,15958.43,164641.44,120,1,Semiurban,1
200213,Female,Yes,1,Graduate,Yes,39792.59,20017.95,55978.22,360,1,Semiurban,0
200214,Female,No,3,Graduate,Yes,59224.17,21177.07,71530.52,120,1,Rural,1
200215,Male,No,1,Graduate,Yes,57645.25,3282.39,118155.88,360,1,Semiurban,1
200216,Female,No,1,Graduate,Yes,62175.58,47103.32,160356.97,60,1,Semiurban,1
200217,Female,No,1,Graduate,Yes,54978.78,25198.71,138036.34,240,0,Semiurban,1
200218,Female,No,3,Graduate,Yes,94031.09,22100.08,223906.06,180,0,Rural,1
200219,Female,No,2,Graduate,No,34581.14,26151.64,75880.16,120,1,Urban,1
200220,Female,Yes,3,Graduate,Yes,24340.95,27094.11,112432.73,120,1,Semiurban,1
200221,Female,No,1,Graduate,Yes,44103.65,18594.47,226004.59,60,1,Rural,1
200222,Male,No,0,Graduate,Yes,26480.18,13687.59,156555.97,120,1,Urban,1
200223,Male,Yes,3,Not Graduate,No,27613.07,25994.51,194242.13,360,1,Rural,1
200224,Male,Yes,0,Graduate,Yes,34980.28,23857.11,252562.35,360,1,Rural,0
200225,Female,Yes,3,Graduate,No,36167.17,11901.1,115309.78,240,1,Rural,1
200226,Male,Yes,3,Not Graduate,No,35680.73,34190.36,145034.28,240,1,Urban,0
200227,Female,Yes,1,Not Graduate,Yes,57773.28,22933.52,136378.65,240,1,Rural,1
200228,Female,Yes,2,Not Graduate,No,42407.16,27298.19,52270.35,360,0,Urban,1
200229,Male,Yes,2,Graduate,Yes,47307.28,33919.21,134480.16,240,1,Semiurban,1
200230,Female,No,1,Graduate,Yes,63413.49,20218.89,194053.11,240,1,Urban,1
200231,Male,Yes,3,Not Graduate,Yes,38505.16,23169.52,177029.48,360,1,Rural,1
200232,Female,No,2,Not Graduate,No,46031.81,28100.27,180954.16,60,1,Urban,1
200233,Male,Yes,2,Not Graduate,Yes,55486.4,12751.39,131224.55,120,1,Rural,0
200234,Male,Yes,2,Graduate,Yes,20876.48,20540.52,117195.14,180,1,Semiurban,1
200235,Male,No,1,Graduate,Yes,14226.42,21255.49,213462.78,360,1,Urban,1
200236,Male,Yes,0,Not Graduate,No,55191.76,10439.41,125134.14,360,1,Semiurban,1
200237,Female,Yes,0,Graduate,No,57380.21,43176.37,164704.1,180,1,Urban,1
200238,Male,Yes,0,Graduate,No,80963.3,5927.07,158166.73,180,1,Rural,1
200239,Female,Yes,0,Not Graduate,No,52371.42,7018.96,223085.85,240,1,Urban,1
200240,Male,Yes,0,Not Graduate,Yes,62296.1,33142.27,198570.62,180,1,Semiurban,1
200241,Male,Yes,2,Not Graduate,Yes,47067.91,27132.66,85237.07,120,1,Urban,1
200242,Male,Yes,2,Graduate,No,54458.41,9740.35,90622.34,120,1,Semiurban,1
200243,Female,No,3,Graduate,Yes,75008.85,26072.89,178945.49,120,1,Semiurban,1
200244,Male,Yes,2,Graduate,No,18140.11,34678.5,146783.12,120,1,Rural,0
200245,Male,No,1,Graduate,Yes,56204.24,19697.37,127241.41,120,0,Urban,1
200246,Female,No,3,Graduate,Yes,82033.8,45988.23,200781.39,240,0,Semiurban,0
200247,Male,No,2,Not Graduate,No,54230.51,2759.38,159372.97,360,1,Rural,0
200248,Female,No,3,Graduate,No,74758.59,26938.23,152622.87,180,0,Rural,1
200249,Male,No,3,Graduate,Yes,40561.82,31665.28,188991.43,360,1,Rural,1
200250,Male,No,0,Not Graduate,No,49519.29,28913.44,131244.55,180,0,Semiurban,0
200251,Male,No,3,Not Graduate,Yes,50502.87,17956.44,228425.95,240,1,Urban,1
200252,Female,Yes,2,Not Graduate,Yes,16736.13,17095.59,110597.62,240,1,Semiurban,0
200253,Male,Yes,0,Not Graduate,Yes,32477.33,24441.45,182846.45,60,1,Rural,1
200254,Male,Yes,2,Graduate,Yes,33546.87,28157.54,221691.64,60,1,Semiurban,0
200255,Male,No,0,Graduate,No,62330.99,26024.73,81135.23,240,1,Semiurban,1
200256,Female,Yes,2,Not Graduate,Yes,63082.3,30400.58,132833.24,240,0,Rural,1
200257,Female,No,0,Graduate,Yes,54860.55,9811.3,207110.37,180,1,Urban,1
200258,Female,No,0,Not Graduate,Yes,62361.54,17722.29,207862.23,240,1,Rural,1
200259,Female,Yes,1,Graduate,No,47537.76,10599.84,141425.22,360,1,Rural,1
200260,Female,No,2,Graduate,Yes,68028.98,16138.87,113266.45,180,1,Semiurban,1
200261,Female,No,3,Graduate,No,50131.83,30152.21,197796.79,240,1,Rural,1
200262,Male,Yes,0,Not Graduate,No,50867.96,21079.84,209177.46,180,1,Semiurban,0
200263,Male,No,2,Not Graduate,No,46016.11,46068.59,91766.83,180,1,Rural,1
200264,Male,Yes,0,Graduate,No,60266.76,21934.06,89804.32,120,1,Rural,1
200265,Male,No,1,Graduate,No,43682.02,20596.92,161262.83,60,1,Urban,1
200266,Male,No,1,Not Graduate,No,64646.47,21061.83,181468.03,180,1,Rural,1
200267,Female,Yes,1,Not Graduate,No,33017.76,13621.91,135046.55,180,1,Urban,1
200268,Female,Yes,1,Graduate,Yes,33516.26,19421.63,183964.69,120,0,Rural,0
200269,Female,Yes,3,Graduate,Yes,60311.4,31277.88,114493.17,240,1,Rural,1
200270,Male,No,3,Not Graduate,No,48671.84,21139.71,44265.32,180,1,Rural,1
200271,Female,No,0,Graduate,No,43191.63,12065.4,128804.95,120,1,Urban,1
200272,Male,Yes,2,Not Graduate,No,63350.87,10749.15,153161.61,360,1,Semiurban,1
200273,Female,Yes,1,Not Graduate,Yes,40891.08,15497.98,136208.0,120,1,Urban,1
200274,Male,Yes,1,Graduate,No,46996.98,20738.63,92069.84,60,1,Rural,1
200275,Female,No,3,Graduate,Yes,70988.42,31935.87,59217.55,60,1,Semiurban,1
200276,Male,No,3,Graduate,Yes,73087.14,6595.11,124295.56,240,1,Rural,1
200277,Female,Yes,1,Not Graduate,No,73585.97,16801.74,194882.79,240,1,Urban,1
200278,Male,Yes,2,Not Graduate,Yes,45768.11,21443.1,212809.87,60,1,Urban,1
200279,Female,Yes,0,Not Graduate,No,68460.54,1662.94,209385.67,60,1,Semiurban,0
200280,Male,No,0,Graduate,No,35765.71,11664.02,109204.52,180,1,Urban,1
200281,Male,Yes,0,Graduate,No,36396.46,13201.11,92314.68,60,1,Rural,1
200282,Male,Yes,0,Not Graduate,Yes,14743.16,12040.3,174831.73,240,1,Semiurban,1
200283,Male,Yes,2,Not Graduate,No,75093.02,21918.9,181755.0,60,0,Rural,0
200284,Female,No,2,Graduate,Yes,37040.3,18394.4,170008.48,240,1,Semiurban,1
200285,Female,No,2,Not Graduate,No,48102.01,14447.14,49296.84,360,1,Semiurban,1
200286,Female,Yes,3,Graduate,No,36345.13,24279.63,106655.77,60,1,Rural,1
200287,Male,No,1,Graduate,No,60427.48,37230.75,148515.56,240,1,Urban,1
200288,Female,Yes,2,Not Graduate,No,44365.5,36392.57,174360.91,120,1,Rural,1
200289,Male,Yes,0,Not Graduate,No,30427.75,772.28,188365.37,180,1,Urban,1
200290,Female,Yes,2,Not Graduate,Yes,56624.94,25770.72,157212.68,240,1,Urban,1
200291,Male,Yes,1,Not Graduate,No,28494.05,18219.77,166539.19,60,1,Rural,0
200292,Female,No,3,Not Graduate,No,37438.91,21551.55,154243.27,60,1,Semiurban,0
200293,Male,Yes,0,Graduate,No,18396.66,16017.17,184280.97,360,1,Rural,1
200294,Male,Yes,3,Not Graduate,Yes,28640.63,21175.89,165643.28,120,1,Semiurban,0
200295,Female,No,2,Graduate,No,52677.94,21514.07,153286.88,240,0,Urban,1
200296,Female,Yes,0,Not Graduate,No,20531.96,14210.48,136581.56,120,1,Semiurban,0
200297,Female,No,0,Not Graduate,No,27782.81,11036.32,154064.57,360,0,Rural,0
200298,Male,Yes,2,Not Graduate,No,49964.47,15513.04,174229.57,180,0,Semiurban,1
200299,Male,Yes,2,Not Graduate,Yes,41845.9,22342.59,163373.77,120,0,Urban,1
200300,Male,Yes,1,Not Graduate,No,79880.55,25989.96,169041.32,360,0,Urban,1
200301,Female,Yes,2,Not Graduate,Yes,77508.45,28533.49,217136.09,240,1,Semiurban,1
200302,Male,No,2,Graduate,Yes,36981.16,15058.1,163258.2,180,1,Urban,1
200303,Female,Yes,2,Not Graduate,Yes,58357.06,22838.45,117550.07,60,1,Urban,1
200304,Male,No,0,Not Graduate,Yes,61239.24,29625.03,194180.34,360,1,Semiurban,1
200305,Female,No,1,Not Graduate,No,41037.82,31655.95,81690.08,60,0,Urban,1
200306,Male,No,0,Not Graduate,No,27566.88,19411.67,95929.33,180,0,Semiurban,0
200307,Male,Yes,2,Graduate,Yes,49815.52,17790.68,166792.36,360,1,Semiurban,1
200308,Female,No,1,Graduate,Yes,47407.31,21911.24,175819.83,360,1,Urban,1
200309,Male,No,2,Graduate,Yes,43463.53,8502.93,87747.44,180,1,Semiurban,1
200310,Male,No,0,Graduate,No,56634.75,18063.9,130859.13,240,1,Urban,1
200311,Female,Yes,0,Graduate,Yes,38739.06,27445.86,119695.81,360,1,Urban,1
200312,Male,Yes,2,Graduate,Yes,32720.04,26419.47,125666.18,180,1,Urban,1
200313,Female,No,1,Not Graduate,Yes,51636.24,17297.32,197179.89,120,0,Rural,1
200314,Female,No,0,Not Graduate,Yes,55789.55,22177.18,185325.27,60,1,Urban,1
200315,Male,Yes,2,Graduate,Yes,32350.33,11753.5,149043.89,360,0,Semiurban,1
200316,Male,No,3,Not Graduate,No,63921.36,27034.92,122701.9,120,1,Semiurban,1
200317,Male,No,2,Not Graduate,Yes,23442.78,19221.79,82517.52,360,0,Semiurban,1
200318,Female,No,2,Not Graduate,No,41328.3,17240.49,221009.25,240,1,Rural,1
200319,Male,Yes,1,Not Graduate,No,46129.87,16382.76,179605.7,180,0,Rural,1
200320,Female,No,2,Not Graduate,No,40456.64,19371.06,114666.54,360,1,Semiurban,1
200321,Male,No,3,Graduate,No,41524.09,15521.22,185979.97,180,1,Semiurban,1
200322,Male,Yes,2,Graduate,No,78066.12,26581.43,146488.82,360,1,Rural,1
200323,Female,No,3,Graduate,Yes,37236.74,16047.16,135644.52,240,0,Semiurban,1
200324,Male,Yes,0,Graduate,No,86618.33,35929.64,171760.58,240,1,Urban,1
200325,Male,Yes,2,Graduate,No,56556.9,34652.11,112925.09,120,1,Urban,1
200326,Male,Yes,1,Graduate,Yes,51380.83,11084.57,132812.17,240,1,Semiurban,1
200327,Male,No,2,Not Graduate,No,57143.61,20697.04,156073.05,180,1,Urban,1
200328,Male,No,3,Graduate,Yes,87948.92,13493.43,125027.44,240,0,Semiurban,1
200329,Female,No,3,Not Graduate,Yes,35096.1,16733.52,183454.26,360,1,Rural,1
200330,Male,No,1,Not Graduate,Yes,33193.73,40024.27,243453.33,240,1,Semiurban,0
200331,Female,No,3,Graduate,Yes,38677.01,16924.29,112285.09,180,0,Rural,1
200332,Male,No,2,Graduate,Yes,50482.15,23602.26,66743.74,360,1,Urban,1
200333,Male,No,3,Graduate,No,24113.43,25413.21,49912.99,120,0,Urban,1
200334,Female,No,2,Not Graduate,Yes,50335.09,9993.71,142476.59,120,1,Urban,1
200335,Male,Yes,2,Graduate,Yes,75403.21,11449.05,116841.77,120,1,Semiurban,1
200336,Male,No,3,Graduate,No,52271.11,7939.78,160393.03,360,1,Rural,1
200337,Female,No,1,Graduate,No,45609.72,11140.29,156629.88,120,1,Rural,1
200338,Female,Yes,0,Not Graduate,No,40727.59,-8500.3,69839.16,240,1,Urban,1
200339,Male,No,1,Graduate,No,63477.68,25445.82,59255.81,360,1,Urban,1
200340,Female,Yes,0,Graduate,Yes,37612.51,40541.94,164796.66,360,1,Rural,1
200341,Female,No,1,Not Graduate,No,77695.94,21478.21,156771.44,360,1,Semiurban,1
200342,Female,No,2,Not Graduate,Yes,79000.4,5837.31,128709.1,60,0,Urban,1
200343,Female,Yes,2,Not Graduate,No,53851.26,13572.24,67142.82,180,1,Semiurban,0
200344,Male,Yes,3,Graduate,No,49827.27,15411.23,173569.56,60,1,Urban,1
200345,Male,No,0,Graduate,No,65459.9,9824.15,213594.98,60,0,Urban,0
200346,Female,Yes,0,Not Graduate,No,66421.98,28601.83,163899.12,60,1,Semiurban,1
200347,Male,No,3,Graduate,No,37910.12,28102.6,107626.31,180,1,Semiurban,1
200348,Female,No,1,Not Graduate,Yes,42101.67,8445.48,152227.61,60,0,Semiurban,1
200349,Male,No,3,Not Graduate,Yes,30164.79,27250.81,81694.3,120,0,Semiurban,0
200350,Male,No,1,Not Graduate,Yes,56135.97,35268.13,202898.04,360,1,Rural,1
200351,Female,No,3,Not Graduate,No,59999.42,39025.58,154092.22,360,1,Rural,1
200352,Female,No,0,Not Graduate,Yes,29751.12,48652.12,61592.15,240,1,Urban,1
200353,Male,Yes,0,Graduate,No,43172.02,10980.07,134966.28,120,1,Urban,1
200354,Male,Yes,1,Graduate,No,29791.19,48242.2,173165.08,180,1,Urban,1
200355,Male,Yes,0,Graduate,Yes,36518.0,16457.94,133347.62,360,1,Rural,1
200356,Female,No,0,Graduate,Yes,58265.26,14075.35,136205.21,60,1,Semiurban,1
200357,Male,Yes,0,Not Graduate,No,38997.77,23270.72,88779.89,240,1,Urban,1
200358,Female,No,0,Graduate,No,45487.61,14179.39,178327.05,240,1,Rural,1
200359,Female,Yes,2,Not Graduate,Yes,25590.32,23990.44,117576.54,360,1,Urban,0
200360,Female,No,3,Not Graduate,No,52804.85,6799.23,42177.73,120,1,Rural,1
200361,Male,No,3,Graduate,Yes,49335.9,17612.47,131437.13,240,1,Semiurban,1
200362,Female,No,2,Graduate,Yes,39065.61,32855.82,199057.49,360,1,Rural,1
200363,Male,No,0,Not Graduate,No,47164.79,19429.39,130653.53,120,1,Semiurban,1
200364,Female,No,3,Graduate,No,52704.42,21415.96,236899.25,360,1,Urban,1
200365,Male,Yes,3,Graduate,No,37776.98,24752.59,171448.4,360,1,Semiurban,0
200366,Male,No,3,Graduate,No,27856.06,31706.62,166937.91,120,1,Rural,1
200367,Female,Yes,1,Graduate,Yes,77083.62,3447.75,143580.09,120,1,Urban,1
200368,Female,No,2,Not Graduate,No,40500.91,25845.24,146585.69,120,1,Urban,0
200369,Male,No,1,Not Graduate,Yes,48548.6,17318.61,136828.82,360,1,Rural,0
200370,Male,No,1,Graduate,Yes,65162.6,21666.38,134886.53,240,1,Semiurban,1
200371,Female,Yes,2,Not Graduate,No,102935.83,30599.5,176543.36,180,1,Rural,0
200372,Female,No,3,Not Graduate,Yes,31332.7,8058.13,103208.44,180,1,Semiurban,0
200373,Male,Yes,1,Graduate,No,56747.41,9873.56,96205.31,360,1,Semiurban,1
200374,Male,No,3,Graduate,No,39386.72,645.7,93840.25,360,1,Urban,0
200375,Female,Yes,1,Not Graduate,Yes,41918.15,14508.41,252282.73,240,0,Semiurban,0
200376,Male,Yes,3,Not Graduate,Yes,39196.82,33304.32,176517.15,120,1,Urban,0
200377,Female,Yes,0,Not Graduate,Yes,33115.18,18794.13,165224.61,360,1,Rural,0
200378,Female,No,0,Graduate,No,49380.63,6598.75,97124.27,60,0,Rural,1
200379,Female,No,0,Not Graduate,No,27882.46,15143.21,181167.12,120,0,Urban,0
200380,Female,Yes,2,Not Graduate,Yes,64202.11,5121.38,144171.43,360,1,Urban,1
200381,Male,No,0,Graduate,No,50825.04,8748.14,160708.45,60,1,Semiurban,1
200382,Female,No,1,Not Graduate,No,56336.52,23888.19,101168.98,240,1,Urban,1
200383,Female,No,3,Graduate,Yes,43007.17,8261.27,158013.44,60,1,Rural,1
200384,Male,Yes,3,Graduate,No,44491.94,31126.34,128808.32,360,1,Urban,1
200385,Male,Yes,3,Not Graduate,Yes,54313.46,19288.8,111719.44,180,1,Urban,1
200386,Female,No,3,Graduate,Yes,32539.24,20855.95,186705.32,360,1,Urban,1
200387,Female,Yes,1,Graduate,Yes,44630.14,17216.27,73114.61,180,1,Semiurban,1
200388,Female,No,3,Not Graduate,No,37105.8,27728.48,178238.81,240,1,Urban,1
200389,Female,No,1,Graduate,Yes,36641.47,27831.6,184224.31,240,0,Semiurban,0
200390,Female,Yes,1,Not Graduate,Yes,18352.43,23350.54,106017.82,120,1,Semiurban,0
200391,Female,Yes,3,Graduate,Yes,70089.9,25647.89,108983.58,120,1,Urban,1
200392,Male,No,3,Graduate,Yes,39701.92,17879.1,138848.72,180,1,Semiurban,1
200393,Male,No,3,Not Graduate,No,67450.64,25422.03,164101.81,180,1,Urban,0
200394,Female,No,1,Not Graduate,Yes,66031.88,16621.22,142357.25,240,1,Rural,1
200395,Male,Yes,2,Not Graduate,No,30710.0,20022.32,171678.12,60,0,Rural,0
200396,Male,Yes,1,Graduate,Yes,33673.83,17253.56,238148.98,180,0,Semiurban,0
200397,Female,No,2,Not Graduate,No,88407.54,15427.81,124614.16,180,1,Rural,1
200398,Male,No,3,Graduate,No,76263.89,13108.88,64241.0,60,1,Urban,1
200399,Male,Yes,1,Not Graduate,No,49527.22,24676.9,191296.18,120,1,Semiurban,1
200400,Female,No,3,Graduate,No,53860.6,33106.06,234165.73,120,1,Urban,1
200401,Female,Yes,2,Not Graduate,Yes,40537.3,31711.02,169638.42,180,1,Semiurban,1
200402,Female,Yes,2,Graduate,Yes,56485.29,7434.35,95612.57,120,1,Semiurban,1
200403,Male,No,1,Not Graduate,No,39242.27,32892.03,143805.38,120,1,Semiurban,1
200404,Female,No,1,Graduate,No,19514.69,16818.41,94073.83,120,1,Semiurban,0
200405,Male,Yes,1,Graduate,No,30176.66,26007.33,182142.77,240,1,Rural,1
200406,Female,No,1,Graduate,Yes,50316.39,10937.85,82435.48,360,0,Rural,1
200407,Female,Yes,0,Graduate,No,33033.99,21419.8,134993.56,180,1,Rural,1
200408,Female,Yes,0,Not Graduate,No,48990.84,23137.23,99783.11,180,1,Semiurban,0
200409,Female,Yes,3,Graduate,Yes,33880.08,5153.95,156341.23,240,1,Rural,1
200410,Male,No,2,Not Graduate,Yes,38264.69,26082.67,131682.92,360,1,Semiurban,1
200411,Male,No,2,Graduate,Yes,62797.48,33459.35,158838.11,360,1,Rural,1
200412,Female,No,3,Not Graduate,Yes,53712.21,18253.52,151117.53,240,1,Semiurban,1
200413,Male,Yes,3,Graduate,Yes,49855.03,33601.68,100667.05,60,0,Rural,1
200414,Female,Yes,3,Graduate,Yes,63184.46,18103.07,181343.85,60,1,Rural,1
200415,Female,Yes,0,Not Graduate,No,57209.13,28495.85,147561.72,360,1,Rural,1
200416,Male,Yes,3,Not Graduate,No,71698.45,-2185.7,100573.55,60,1,Semiurban,1
200417,Male,No,2,Graduate,Yes,43102.11,44187.78,262046.33,60,0,Semiurban,0
200418,Female,No,3,Not Graduate,No,43555.48,34954.58,173821.51,60,0,Rural,0
200419,Female,No,1,Not Graduate,Yes,30483.36,17153.74,142336.97,360,1,Semiurban,1
200420,Female,Yes,2,Not Graduate,No,43565.29,279.11,220760.23,60,1,Urban,0
200421,Male,Yes,2,Graduate,Yes,64471.55,22880.28,242090.78,180,1,Rural,1
200422,Female,No,2,Not Graduate,Yes,69499.81,5560.74,142732.53,360,1,Rural,1
200423,Female,Yes,0,Graduate,No,64404.58,24448.54,167369.87,240,1,Urban,1
200424,Female,No,0,Not Graduate,No,23087.12,24115.66,100599.86,60,1,Semiurban,1
200425,Female,Yes,2,Not Graduate,Yes,66247.18,10585.97,142640.36,120,1,Semiurban,1
200426,Female,Yes,1,Graduate,Yes,22422.22,31209.67,140046.87,360,1,Semiurban,1
200427,Female,Yes,2,Not Graduate,Yes,63471.76,28055.75,159241.35,240,1,Rural,1
200428,Male,Yes,0,Not Graduate,Yes,44483.23,29758.23,166638.02,180,0,Rural,1
200429,Female,Yes,1,Not Graduate,Yes,60538.0,20088.58,177991.42,240,1,Rural,1
200430,Female,No,2,Not Graduate,Yes,30013.27,5844.76,161882.13,60,1,Rural,1
200431,Male,No,0,Not Graduate,No,67567.51,29778.72,89462.87,120,1,Rural,0
200432,Male,No,1,Not Graduate,No,28025.38,17296.29,103076.64,60,1,Semiurban,0
200433,Female,Yes,3,Not Graduate,No,39973.18,6102.2,122679.62,240,1,Urban,0
200434,Male,No,3,Graduate,No,35028.58,33520.39,135887.97,360,1,Semiurban,1
200435,Female,No,2,Graduate,No,23685.73,40994.08,202538.71,120,1,Semiurban,0
200436,Male,Yes,3,Graduate,Yes,51417.91,19587.52,91853.05,120,1,Rural,1
200437,Male,Yes,0,Graduate,Yes,77091.34,41591.21,132129.25,240,1,Urban,1
200438,Female,No,1,Graduate,No,90003.58,20913.15,197650.47,60,1,Urban,1
200439,Male,No,2,Not Graduate,Yes,51457.34,16195.44,135006.13,240,0,Semiurban,1
200440,Female,No,1,Graduate,No,66750.22,13695.42,173020.78,120,1,Urban,1
200441,Male,No,1,Graduate,No,53481.42,36370.82,143022.9,240,1,Semiurban,1
200442,Female,No,1,Not Graduate,Yes,57483.25,12198.56,162839.16,120,1,Semiurban,1
200443,Male,Yes,0,Graduate,Yes,44867.77,27352.69,138576.37,60,0,Semiurban,1
200444,Female,No,2,Not Graduate,No,52926.15,14408.36,183353.27,360,1,Semiurban,1
200445,Female,No,3,Not Graduate,No,58062.18,15396.93,72747.18,360,1,Rural,1
200446,Female,No,1,Graduate,No,41323.1,30302.5,131834.4,240,0,Urban,0
200447,Female,No,1,Graduate,No,48837.59,16199.63,164828.63,120,1,Rural,1
200448,Male,No,1,Not Graduate,Yes,49123.55,15952.05,176684.76,360,1,Rural,1
200449,Female,No,0,Not Graduate,No,62396.05,31328.05,224647.63,120,1,Rural,1
200450,Male,Yes,3,Graduate,Yes,34009.52,35973.97,130448.77,60,0,Semiurban,0
200451,Male,Yes,1,Not Graduate,No,49226.87,26446.9,223974.09,240,1,Semiurban,1
200452,Female,Yes,0,Graduate,No,78680.08,13452.3,117048.81,120,1,Rural,1
200453,Female,No,0,Graduate,Yes,67460.9,14893.92,216432.32,240,1,Rural,1
200454,Male,No,1,Graduate,Yes,70237.69,20799.15,190873.36,120,1,Urban,1
200455,Male,Yes,1,Graduate,Yes,50366.48,23209.3,104327.07,120,1,Rural,1
200456,Male,No,0,Not Graduate,Yes,54814.96,10121.34,165351.96,60,1,Semiurban,1
200457,Female,No,0,Not Graduate,Yes,65033.54,27230.38,147438.21,240,1,Rural,1
200458,Female,No,1,Graduate,No,73403.83,20855.13,181279.23,180,1,Urban,1
200459,Male,Yes,0,Graduate,No,20725.96,2842.92,138836.42,120,1,Urban,1
200460,Male,Yes,0,Not Graduate,No,30268.38,10710.74,134637.69,120,0,Rural,0
200461,Male,Yes,1,Not Graduate,Yes,69641.66,14958.71,218454.73,360,1,Urban,1
200462,Female,No,1,Not Graduate,Yes,45846.66,19271.42,145063.96,240,0,Urban,0
200463,Male,Yes,2,Not Graduate,Yes,39924.19,38892.79,191321.12,180,1,Semiurban,0
200464,Male,Yes,3,Not Graduate,No,31187.59,22381.71,138732.43,60,1,Urban,0
200465,Male,Yes,1,Graduate,Yes,41674.75,11592.28,233333.16,180,1,Urban,1
200466,Male,No,1,Graduate,No,28964.46,22206.31,116083.27,60,1,Rural,0
200467,Female,Yes,1,Graduate,No,81366.41,16479.12,119292.82,180,0,Semiurban,1
200468,Male,Yes,3,Graduate,No,49663.46,23247.58,226225.86,180,0,Urban,0
200469,Female,No,2,Not Graduate,Yes,49130.74,25805.68,127752.68,240,1,Rural,1
200470,Female,Yes,0,Not Graduate,No,58821.15,32092.31,230053.72,360,1,Rural,1
200471,Male,No,3,Graduate,No,64435.18,19757.14,194592.03,180,1,Rural,1
200472,Female,No,1,Graduate,No,64188.32,36389.61,142267.51,120,1,Rural,1
200473,Male,Yes,1,Not Graduate,Yes,66104.33,29080.23,59335.33,120,1,Rural,0
200474,Male,Yes,2,Graduate,No,40537.32,12925.6,149034.08,120,1,Rural,1
200475,Male,Yes,2,Graduate,Yes,45532.0,42098.56,155081.5,360,1,Urban,1
200476,Male,No,2,Not Graduate,Yes,61535.47,23269.95,208360.89,180,1,Semiurban,0
200477,Male,Yes,0,Not Graduate,No,42089.16,11648.75,229422.36,60,0,Semiurban,1
200478,Female,Yes,3,Not Graduate,No,49923.4,36529.13,115750.64,60,0,Rural,0
200479,Female,Yes,3,Graduate,Yes,55981.46,40777.78,190059.09,240,1,Rural,1
200480,Male,No,2,Not Graduate,No,61777.78,19669.75,188270.11,360,0,Semiurban,1
200481,Female,No,0,Not Graduate,Yes,23334.79,14963.5,203670.64,180,1,Urban,0
200482,Male,No,3,Graduate,Yes,60721.18,18276.25,174934.5,120,1,Rural,1
200483,Female,Yes,1,Not Graduate,Yes,46494.14,27147.32,52875.12,360,1,Semiurban,1
200484,Female,Yes,1,Graduate,No,60611.87,32778.57,142228.88,360,1,Semiurban,1
200485,Male,No,1,Graduate,Yes,61653.98,25704.87,92214.62,180,1,Rural,1
200486,Female,Yes,3,Graduate,Yes,74118.73,21017.23,139869.71,240,0,Semiurban,1
200487,Female,Yes,2,Graduate,No,70301.8,34980.12,199000.21,240,0,Urban,1
200488,Female,No,1,Not Graduate,No,70198.57,16871.64,165257.54,240,1,Semiurban,1
200489,Male,No,2,Graduate,Yes,71655.05,30309.19,207404.54,120,1,Rural,1
200490,Female,No,0,Not Graduate,Yes,54370.68,17119.37,167087.7,120,1,Rural,1
200491,Female,Yes,1,Not Graduate,Yes,50482.78,24310.23,85083.7,180,1,Semiurban,1
200492,Female,Yes,0,Not Graduate,No,63092.26,18864.37,23957.65,240,1,Semiurban,1
200493,Female,Yes,2,Not Graduate,Yes,60981.21,19441.48,157440.44,180,1,Rural,0
200494,Female,No,3,Not Graduate,Yes,45364.01,16226.13,139303.68,240,1,Urban,1
200495,Female,No,2,Graduate,No,56072.35,33448.54,101152.71,360,1,Semiurban,1
200496,Female,Yes,1,Not Graduate,No,49473.55,12670.74,64968.64,60,1,Urban,1
200497,Female,No,1,Graduate,Yes,37191.01,12597.68,113262.84,60,1,Urban,0
200498,Female,No,2,Graduate,No,69356.91,41209.94,140275.43,240,1,Rural,1
200499,Male,Yes,1,Graduate,Yes,50827.99,29778.48,183293.89,180,1,Rural,1
200500,Female,No,1,Not Graduate,Yes,80730.62,-3851.14,159431.55,120,1,Rural,1
200501,Female,Yes,0,Not Graduate,No,25617.62,14347.41,230403.36,240,1,Urban,0
200502,Female,No,3,Not Graduate,Yes,41648.32,1880.11,98219.8,240,1,Rural,1
200503,Female,Yes,2,Not Graduate,Yes,50489.58,10493.09,194052.94,120,0,Rural,0
200504,Female,No,0,Graduate,No,67060.72,-11385.15,152364.94,240,1,Urban,1
200505,Male,Yes,1,Not Graduate,Yes,55992.04,18630.1,184733.46,360,1,Urban,0
200506,Male,No,0,Not Graduate,No,54657.09,8580.58,128174.26,120,1,Urban,0
200507,Male,No,3,Graduate,Yes,33091.04,20599.05,203584.02,360,1,Urban,1
200508,Male,No,2,Graduate,No,32645.88,3748.79,164761.24,60,1,Semiurban,1
200509,Female,No,3,Graduate,No,54837.57,20829.12,116027.75,120,1,Rural,1
200510,Female,No,3,Graduate,No,29538.41,15850.84,149398.8,120,0,Semiurban,1
200511,Female,Yes,0,Graduate,No,42021.83,35019.53,138022.21,180,1,Urban,1
200512,Male,Yes,0,Graduate,No,57513.76,34113.57,174458.92,180,1,Urban,1
200513,Male,Yes,3,Graduate,No,35265.14,27853.46,91011.16,120,1,Urban,0
200514,Male,No,1,Not Graduate,Yes,74080.34,16733.86,148532.41,60,1,Urban,0
200515,Male,Yes,2,Not Graduate,Yes,68359.05,39853.8,169765.36,240,1,Urban,1
200516,Female,No,1,Graduate,No,26428.7,4469.65,151651.17,180,1,Rural,1
200517,Female,No,1,Graduate,Yes,36014.43,5964.41,217347.06,60,0,Semiurban,0
200518,Male,Yes,2,Not Graduate,No,15713.34,19162.17,188701.14,60,1,Semiurban,0
200519,Female,Yes,0,Graduate,No,38261.13,42540.38,149625.96,180,0,Rural,0
200520,Male,No,1,Graduate,Yes,61495.83,17976.61,160834.45,240,1,Rural,1
200521,Male,No,0,Graduate,No,43791.58,18167.55,164783.28,180,1,Rural,1
200522,Male,Yes,2,Graduate,Yes,56911.96,5580.9,170164.98,60,1,Semiurban,1
200523,Male,Yes,1,Graduate,No,27164.99,29459.3,58717.1,360,1,Semiurban,0
200524,Female,No,0,Not Graduate,No,61969.63,29531.76,134923.69,180,0,Urban,0
200525,Female,No,0,Graduate,Yes,41673.36,27890.75,75778.05,60,1,Semiurban,1
200526,Male,Yes,1,Graduate,No,50182.55,13707.79,213914.05,180,1,Semiurban,1
200527,Male,No,2,Graduate,No,48606.88,12932.93,146957.52,60,0,Rural,0
200528,Female,No,3,Not Graduate,No,30926.77,7068.78,140332.95,240,0,Semiurban,0
200529,Female,Yes,0,Not Graduate,Yes,32703.74,20838.73,194839.87,60,1,Urban,0
200530,Male,Yes,2,Graduate,Yes,64516.92,9195.93,171116.24,120,0,Semiurban,0
200531,Male,No,1,Graduate,Yes,55984.88,8225.83,93568.27,360,1,Rural,1
200532,Male,No,0,Graduate,Yes,65750.74,15763.09,146454.73,60,0,Rural,1
200533,Male,Yes,0,Graduate,Yes,54869.87,15108.44,133241.65,180,1,Urban,1
200534,Male,No,0,Not Graduate,No,52144.86,14620.21,62773.36,180,0,Urban,0
200535,Female,Yes,2,Not Graduate,Yes,24109.84,24664.45,115486.19,60,1,Semiurban,0
200536,Female,No,0,Graduate,Yes,45944.5,20790.48,140822.98,120,1,Urban,1
200537,Male,Yes,0,Graduate,No,49589.24,17118.44,144252.45,60,1,Urban,1
200538,Male,No,1,Not Graduate,No,79296.61,21830.13,75888.43,240,1,Rural,1
200539,Male,No,0,Not Graduate,Yes,60304.35,10084.73,207583.28,120,1,Rural,0
200540,Male,No,2,Graduate,No,73040.92,21052.79,144894.85,60,1,Semiurban,1
200541,Female,Yes,1,Graduate,No,58963.07,21506.02,151877.65,360,0,Semiurban,0
200542,Female,Yes,3,Graduate,No,39330.45,4969.53,170032.08,120,1,Semiurban,1
200543,Male,Yes,1,Not Graduate,Yes,51756.86,29956.94,110596.19,60,1,Semiurban,0
200544,Female,No,0,Not Graduate,No,53543.35,11185.66,172817.8,360,1,Rural,1
200545,Male,No,3,Not Graduate,No,35912.67,20903.1,131646.27,60,0,Semiurban,0
200546,Male,Yes,1,Not Graduate,Yes,44234.19,31644.12,105170.72,240,1,Semiurban,1
200547,Female,Yes,0,Graduate,No,46913.5,29256.77,178672.37,180,1,Urban,1
200548,Male,No,1,Not Graduate,No,74084.3,20343.33,224583.69,60,0,Semiurban,0
200549,Female,No,2,Not Graduate,Yes,18788.89,16375.01,186241.47,120,1,Urban,1
200550,Male,No,0,Not Graduate,Yes,68087.28,29475.12,196148.88,60,1,Rural,1
200551,Male,No,2,Graduate,Yes,35948.07,26746.95,123968.47,60,1,Semiurban,0
200552,Male,Yes,0,Not Graduate,No,29418.81,13816.35,70119.01,60,0,Urban,0
200553,Male,Yes,2,Not Graduate,Yes,67699.13,12051.06,224506.88,60,1,Semiurban,1
200554,Female,No,3,Not Graduate,Yes,60978.47,-723.55,252725.74,120,1,Urban,0
200555,Male,No,2,Graduate,No,68817.78,21540.32,227140.34,120,0,Semiurban,0
200556,Female,No,1,Not Graduate,No,62010.53,19173.02,133210.7,60,1,Rural,1
200557,Female,Yes,0,Graduate,No,80897.68,31361.91,92268.28,180,1,Rural,1
200558,Male,Yes,1,Graduate,No,58380.86,23590.55,96715.87,60,0,Urban,0
200559,Female,No,2,Not Graduate,No,47652.84,33342.29,65813.37,120,1,Urban,1
200560,Male,No,0,Graduate,Yes,55143.9,13026.36,144631.07,240,1,Rural,1
200561,Female,No,2,Not Graduate,Yes,68652.04,31381.5,230283.9,60,1,Semiurban,0
200562,Female,No,3,Graduate,Yes,38309.37,14710.84,142916.87,60,0,Urban,0
200563,Male,No,3,Graduate,No,40221.67,27775.96,165116.15,60,1,Rural,1
200564,Male,No,3,Not Graduate,Yes,45365.6,5412.42,218779.85,60,1,Urban,1
200565,Female,Yes,2,Not Graduate,No,18431.26,22351.35,129795.23,360,0,Rural,1
200566,Male,Yes,2,Graduate,No,52071.18,153.12,251776.57,60,1,Rural,1
200567,Male,Yes,3,Graduate,Yes,21708.07,17328.63,249604.72,120,1,Urban,0
200568,Female,No,2,Graduate,Yes,50795.89,24403.54,143444.43,120,0,Urban,1
200569,Female,No,1,Graduate,No,62979.35,14790.31,121123.29,360,1,Rural,1
200570,Male,No,2,Not Graduate,No,42846.85,9495.62,184861.9,60,0,Semiurban,1
200571,Female,Yes,1,Graduate,Yes,75156.74,28461.18,132623.75,180,1,Rural,1
200572,Male,No,3,Graduate,Yes,28092.49,18965.37,92172.24,60,1,Semiurban,1
200573,Male,Yes,2,Not Graduate,No,67868.91,15104.29,214061.93,120,1,Semiurban,1
200574,Female,No,3,Graduate,No,60127.06,20418.96,210822.37,240,1,Semiurban,0
200575,Male,No,0,Not Graduate,No,24259.5,46366.69,157775.58,240,1,Urban,1
200576,Female,No,2,Not Graduate,No,90661.91,31535.03,86856.76,180,1,Rural,1
200577,Male,Yes,2,Not Graduate,Yes,49043.82,31625.74,88523.69,60,0,Rural,1
200578,Male,Yes,3,Graduate,Yes,36837.74,24355.46,155361.46,360,1,Semiurban,1
200579,Male,Yes,3,Not Graduate,No,28893.69,21664.85,125006.45,60,1,Semiurban,1
200580,Female,No,3,Not Graduate,No,46699.73,-3960.82,132945.35,180,1,Semiurban,1
200581,Female,Yes,0,Not Graduate,Yes,48088.9,13210.2,201098.16,180,1,Rural,1
200582,Male,No,0,Graduate,No,51539.68,15194.26,186658.97,180,1,Semiurban,1
200583,Female,No,3,Graduate,No,45533.06,1251.08,218907.13,240,1,Rural,1
200584,Female,Yes,2,Graduate,No,59498.38,8425.84,100468.84,60,1,Rural,1
200585,Male,Yes,2,Graduate,No,44185.55,191.64,132840.42,60,1,Urban,1
200586,Female,No,3,Not Graduate,No,20975.54,19616.76,187949.08,360,1,Semiurban,1
200587,Female,No,1,Not Graduate,No,47759.58,28187.66,172403.92,180,1,Semiurban,1
200588,Female,No,0,Not Graduate,Yes,14487.84,31067.75,226619.02,180,1,Semiurban,1
200589,Male,No,0,Graduate,No,55306.56,24147.84,171026.84,120,0,Urban,1
200590,Male,Yes,1,Not Graduate,Yes,35310.5,10366.04,242405.46,120,1,Semiurban,0
200591,Female,Yes,3,Graduate,Yes,52450.41,679.35,177000.89,240,1,Rural,1
200592,Male,Yes,2,Graduate,Yes,69711.12,2431.31,203108.37,60,1,Semiurban,1
200593,Female,No,2,Graduate,No,35768.77,7310.17,133824.25,360,1,Rural,1
200594,Male,No,0,Not Graduate,No,65918.84,11111.4,150714.36,360,1,Rural,1
200595,Female,No,1,Not Graduate,No,43499.16,18402.52,195547.22,180,0,Rural,1
200596,Male,Yes,2,Graduate,Yes,76297.92,9858.36,230648.91,360,1,Rural,0
200597,Female,No,0,Not Graduate,Yes,44522.71,23389.76,186461.85,180,1,Semiurban,1
200598,Male,No,2,Graduate,No,37392.61,17677.26,145841.41,60,1,Urban,0
200599,Female,Yes,2,Not Graduate,No,60308.58,20105.46,218866.75,360,1,Urban,1
200600,Male,Yes,2,Graduate,Yes,43463.15,31402.51,40401.07,180,0,Rural,0
200601,Male,No,0,Graduate,Yes,37378.26,8197.68,78888.27,60,1,Semiurban,1
200602,Male,Yes,1,Graduate,Yes,42832.4,24187.05,184081.71,60,1,Urban,1
200603,Female,No,3,Not Graduate,No,49330.9,19860.27,150705.42,180,1,Semiurban,1
200604,Female,Yes,1,Not Graduate,Yes,70132.7,16665.14,180275.68,180,1,Urban,1
200605,Female,No,2,Not Graduate,Yes,20988.68,28852.56,153220.38,240,1,Rural,0
200606,Male,Yes,1,Not Graduate,Yes,50346.21,28790.14,178547.28,60,0,Rural,0
200607,Female,Yes,2,Not Graduate,No,59373.55,10535.09,109279.86,180,1,Rural,0
200608,Male,Yes,0,Graduate,No,52901.73,18178.39,178524.3,60,1,Urban,1
200609,Male,Yes,0,Not Graduate,No,69647.98,22812.12,199720.73,360,1,Semiurban,0
200610,Male,No,0,Graduate,Yes,48884.82,17269.93,211027.53,120,1,Rural,1
200611,Female,No,2,Not Graduate,Yes,47231.73,25850.21,250677.71,120,1,Semiurban,1
200612,Male,Yes,1,Not Graduate,Yes,58884.94,22811.92,162204.92,180,1,Semiurban,0
200613,Female,No,3,Not Graduate,Yes,51489.71,38325.61,163695.55,180,1,Rural,1
200614,Female,Yes,3,Graduate,No,44143.87,4697.21,73841.38,60,1,Urban,1
200615,Male,Yes,0,Not Graduate,Yes,57742.16,18775.64,123429.43,180,0,Rural,0
200616,Female,No,3,Graduate,Yes,40212.08,10914.97,140345.9,60,1,Rural,1
200617,Male,No,2,Not Graduate,No,40832.34,26041.07,202515.98,180,1,Urban,1
200618,Male,No,1,Graduate,Yes,42080.09,3828.28,119449.94,60,1,Semiurban,1
200619,Female,No,3,Graduate,Yes,70296.04,23463.13,189817.0,180,1,Urban,1
200620,Male,No,3,Graduate,Yes,1684.75,13699.52,149918.91,240,1,Urban,0
200621,Male,No,1,Graduate,No,55933.98,12658.38,141141.59,60,0,Rural,0
200622,Male,No,3,Not Graduate,Yes,50514.08,5535.02,162444.7,240,1,Urban,1
200623,Female,Yes,1,Not Graduate,No,24786.94,15349.24,130442.18,240,1,Urban,0
200624,Female,No,2,Graduate,Yes,54645.9,30845.01,128548.14,240,1,Urban,1
200625,Female,Yes,2,Not Graduate,No,57136.28,19748.11,64760.7,240,1,Semiurban,1
200626,Male,No,2,Graduate,No,58844.59,26276.8,137602.29,360,1,Semiurban,1
200627,Male,No,0,Not Graduate,No,10222.58,36646.42,126001.59,120,0,Rural,1
200628,Female,Yes,2,Not Graduate,Yes,70495.84,22637.56,124200.95,360,1,Rural,0
200629,Female,Yes,3,Not Graduate,Yes,38933.95,14412.0,170843.65,180,1,Semiurban,0
200630,Female,Yes,0,Graduate,No,60298.52,24672.52,182931.6,180,1,Urban,1
200631,Female,Yes,0,Not Graduate,No,61116.11,14557.04,161609.73,120,1,Rural,0
200632,Female,No,0,Graduate,Yes,36849.54,14955.77,199770.76,120,1,Rural,0
200633,Male,No,2,Not Graduate,No,59906.9,4801.07,178778.1,120,0,Urban,0
200634,Female,Yes,0,Graduate,Yes,44217.6,29262.57,135247.19,240,1,Urban,1
200635,Male,Yes,2,Not Graduate,Yes,18929.34,16139.97,126857.19,360,0,Urban,1
200636,Male,No,2,Graduate,No,67516.13,21820.98,165641.11,180,0,Urban,1
200637,Male,No,0,Graduate,No,38374.33,9640.38,178688.36,360,1,Urban,1
200638,Male,Yes,0,Graduate,Yes,37182.6,24359.48,219892.22,360,1,Semiurban,1
200639,Female,No,3,Not Graduate,Yes,43954.01,12380.59,209558.65,360,1,Urban,0
200640,Male,No,0,Graduate,Yes,54083.55,18582.91,122926.35,120,0,Rural,1
200641,Female,Yes,2,Not Graduate,No,49140.94,28778.26,144899.69,120,1,Semiurban,1
200642,Male,Yes,3,Graduate,Yes,58221.0,27907.59,183550.89,180,1,Rural,1
200643,Female,Yes,3,Graduate,No,29907.66,19779.7,203399.89,180,1,Urban,0
200644,Female,Yes,2,Graduate,No,38864.2,2318.69,196948.47,180,1,Rural,1
200645,Male,No,0,Not Graduate,Yes,48260.04,49928.11,146806.11,360,1,Urban,1
200646,Female,Yes,0,Not Graduate,No,78468.31,37458.59,87298.87,120,1,Rural,0
200647,Male,No,1,Not Graduate,No,48292.81,27226.75,100053.18,240,1,Rural,1
200648,Female,No,0,Not Graduate,No,66278.33,12467.96,163631.68,360,0,Urban,0
200649,Male,No,1,Not Graduate,No,50578.33,18864.08,167111.28,60,1,Rural,1
200650,Male,No,3,Not Graduate,Yes,42745.12,14565.8,95066.03,360,1,Semiurban,1
200651,Female,Yes,3,Not Graduate,Yes,46299.13,32638.56,152228.48,120,0,Rural,1
200652,Female,No,3,Graduate,No,47473.7,22625.03,181561.22,60,1,Semiurban,1
200653,Male,Yes,1,Graduate,No,59054.69,12158.36,92438.67,360,0,Semiurban,0
200654,Male,No,2,Not Graduate,No,70619.17,15292.45,205249.86,120,1,Rural,1
200655,Female,Yes,2,Not Graduate,No,55395.21,31211.88,131123.44,120,1,Semiurban,1
200656,Male,No,3,Not Graduate,No,67806.17,36000.98,212880.66,240,1,Semiurban,1
200657,Male,No,1,Not Graduate,Yes,35528.15,35283.32,123327.38,360,1,Rural,0
200658,Male,Yes,1,Not Graduate,Yes,43780.54,27570.32,98668.73,120,0,Urban,1
200659,Female,Yes,3,Graduate,Yes,39135.46,17473.75,127093.15,180,1,Urban,1
200660,Male,Yes,0,Not Graduate,Yes,54716.67,-12415.14,145242.59,120,1,Semiurban,1
200661,Male,Yes,3,Not Graduate,No,44615.62,22971.6,130576.0,240,1,Semiurban,1
200662,Female,No,1,Not Graduate,No,60946.59,19981.71,139199.93,120,0,Urban,0
200663,Male,No,0,Graduate,Yes,36034.97,21399.82,166698.26,360,1,Semiurban,1
200664,Male,No,2,Graduate,Yes,50645.46,20538.97,141441.03,360,0,Urban,1
200665,Male,No,0,Graduate,Yes,60302.87,6737.38,146694.38,60,1,Rural,1
200666,Male,No,2,Graduate,No,19020.46,25574.09,64538.68,360,1,Semiurban,1
200667,Female,Yes,1,Not Graduate,No,81824.47,26322.16,169584.9,60,1,Rural,1
200668,Male,Yes,3,Graduate,No,45752.72,26823.39,145539.84,180,1,Urban,1
200669,Male,No,3,Graduate,Yes,19624.4,29465.77,230514.65,240,1,Urban,1
200670,Male,Yes,3,Graduate,Yes,52371.41,26040.52,103021.74,180,1,Rural,1
200671,Male,No,3,Graduate,No,50501.65,15899.71,59585.23,60,1,Semiurban,1
200672,Male,No,3,Graduate,No,48771.58,19291.63,180903.42,120,1,Rural,1
200673,Female,Yes,1,Not Graduate,No,64867.87,20911.25,167326.35,120,1,Rural,1
200674,Female,No,1,Graduate,Yes,61211.67,21076.99,99578.35,180,1,Semiurban,1
200675,Male,Yes,3,Graduate,No,54468.14,29982.18,73512.55,120,1,Urban,1
200676,Male,No,0,Graduate,No,56752.33,26436.69,226869.84,60,1,Rural,1
200677,Female,Yes,3,Not Graduate,Yes,48434.62,40773.43,220705.52,240,1,Rural,0
200678,Female,No,2,Not Graduate,No,76632.36,42064.69,25627.16,360,0,Urban,1
200679,Female,No,2,Not Graduate,No,27812.06,20796.5,127088.85,60,0,Rural,1
200680,Male,Yes,2,Not Graduate,No,52094.78,-18366.56,233209.6,60,1,Urban,0
200681,Male,No,2,Not Graduate,No,50975.37,32368.32,126196.87,360,1,Semiurban,0
200682,Male,No,3,Not Graduate,Yes,62199.21,14596.24,125469.39,360,0,Urban,0
200683,Male,Yes,2,Not Graduate,No,37342.19,11985.16,135862.03,240,1,Urban,0
200684,Male,Yes,0,Not Graduate,Yes,23844.91,16015.55,93955.15,240,1,Rural,1
200685,Male,Yes,3,Graduate,No,52352.35,15533.57,64761.21,240,1,Urban,1
200686,Female,No,2,Graduate,Yes,54218.46,26122.7,202627.37,120,1,Urban,0
200687,Female,Yes,3,Not Graduate,No,72343.99,4405.64,57853.15,60,1,Rural,0
200688,Male,Yes,3,Graduate,No,30944.57,9222.79,162363.57,360,0,Urban,1
200689,Male,Yes,3,Not Graduate,Yes,67320.41,23431.59,194328.97,60,1,Rural,1
200690,Male,No,1,Graduate,No,85511.22,26229.44,77438.69,60,1,Semiurban,1
200691,Female,Yes,2,Graduate,No,44333.53,26415.42,103786.58,240,1,Urban,1
200692,Female,No,1,Not Graduate,Yes,30635.87,12129.64,210658.96,240,1,Semiurban,0
200693,Female,No,0,Graduate,No,43895.38,10217.34,176644.59,60,1,Urban,1
200694,Female,Yes,0,Not Graduate,No,50210.07,14933.65,119135.71,240,1,Urban,1
200695,Male,No,1,Not Graduate,No,58456.82,22398.73,210112.45,120,1,Semiurban,0
200696,Female,No,2,Graduate,No,41129.08,34854.77,210326.79,360,0,Semiurban,0
200697,Female,No,3,Not Graduate,No,73327.98,-474.37,163452.63,60,1,Rural,0
200698,Male,No,0,Graduate,Yes,33282.02,17792.71,104991.99,360,1,Rural,0
200699,Male,No,0,Graduate,Yes,23911.92,6673.22,129327.56,120,1,Semiurban,1
200700,Male,Yes,0,Not Graduate,No,66600.66,3477.57,164319.34,240,1,Urban,1
200701,Female,Yes,2,Not Graduate,No,15880.68,29669.57,140570.26,180,1,Rural,1
200702,Male,Yes,1,Not Graduate,Yes,46938.05,25446.25,196947.86,120,0,Urban,0
200703,Female,No,1,Not Graduate,Yes,96765.22,24494.34,73511.3,180,0,Rural,1
200704,Female,Yes,2,Not Graduate,Yes,49819.35,29210.26,75286.82,360,1,Rural,0
200705,Female,No,0,Graduate,Yes,33188.49,15202.81,159043.56,60,1,Rural,1
200706,Female,No,2,Not Graduate,Yes,49139.04,15673.62,125422.78,240,1,Semiurban,1
200707,Male,No,2,Graduate,Yes,49237.99,41857.31,118647.57,120,1,Urban,1
200708,Male,No,1,Not Graduate,No,52409.75,17534.29,61597.16,240,1,Semiurban,1
200709,Female,Yes,2,Graduate,No,59933.94,27351.32,150977.29,180,0,Rural,1
200710,Male,No,2,Graduate,No,34413.33,20063.82,147362.24,180,1,Semiurban,1
200711,Female,Yes,0,Graduate,No,75313.22,1517.41,182673.95,60,1,Semiurban,1
200712,Female,Yes,3,Graduate,No,53676.71,-446.29,153445.31,180,1,Semiurban,1
200713,Male,No,0,Graduate,Yes,60901.91,14210.16,143369.8,60,1,Urban,1
200714,Male,Yes,1,Not Graduate,Yes,40577.76,30561.01,208850.03,120,1,Semiurban,1
200715,Female,Yes,3,Graduate,Yes,69295.73,27882.92,84376.63,60,1,Semiurban,1
200716,Male,Yes,0,Not Graduate,Yes,46144.21,29140.77,176819.46,180,1,Semiurban,1
200717,Female,No,2,Graduate,Yes,54163.29,10129.54,66442.64,360,1,Semiurban,1
200718,Male,No,2,Not Graduate,Yes,36003.41,36158.72,108081.91,60,1,Semiurban,0
200719,Female,No,3,Graduate,No,35046.03,10351.07,89367.14,240,1,Semiurban,1
200720,Female,Yes,3,Graduate,No,60323.08,22128.24,189097.13,360,1,Semiurban,1
200721,Male,Yes,2,Not Graduate,Yes,43345.9,19896.48,146729.49,60,0,Rural,0
200722,Male,No,1,Not Graduate,No,37192.65,18261.26,149324.84,240,1,Semiurban,0
200723,Female,No,0,Graduate,Yes,40352.25,33385.92,94663.35,360,1,Semiurban,1
200724,Male,Yes,2,Graduate,No,60484.3,12948.89,135015.33,60,1,Urban,1
200725,Male,No,0,Not Graduate,Yes,40564.43,6503.95,111826.73,120,1,Rural,1
200726,Female,No,0,Graduate,Yes,48235.18,20199.95,169172.75,240,1,Semiurban,1
200727,Female,Yes,0,Graduate,No,50225.42,16001.73,100445.44,120,1,Urban,1
200728,Male,Yes,0,Not Graduate,Yes,21239.77,53773.83,216489.72,180,1,Semiurban,0
200729,Male,No,1,Graduate,No,27933.1,26765.07,66220.98,60,1,Semiurban,1
200730,Female,No,1,Graduate,No,55044.17,15906.59,109674.01,60,1,Semiurban,1
200731,Female,No,1,Not Graduate,Yes,38944.56,9438.88,233860.03,240,1,Semiurban,1
200732,Female,No,2,Graduate,Yes,65850.87,1197.12,128243.06,60,0,Semiurban,1
200733,Female,Yes,2,Not Graduate,Yes,64502.11,9747.81,84256.07,180,1,Urban,0
200734,Female,No,2,Not Graduate,No,60787.53,21149.42,160953.58,60,1,Semiurban,1
200735,Female,No,1,Graduate,No,77296.58,34273.29,126230.39,360,1,Urban,1
200736,Female,Yes,0,Graduate,Yes,48753.66,31216.89,108206.49,120,1,Semiurban,1
200737,Female,Yes,1,Not Graduate,Yes,59733.23,22290.95,95206.46,180,1,Urban,1
200738,Male,Yes,2,Not Graduate,Yes,41233.99,16768.32,288418.68,180,0,Rural,1
200739,Male,Yes,3,Graduate,Yes,86785.55,22688.12,137422.4,120,0,Semiurban,1
200740,Male,Yes,2,Not Graduate,Yes,79754.5,14813.62,53721.63,120,1,Rural,1
200741,Female,Yes,0,Graduate,Yes,50178.21,37183.64,224685.49,180,1,Rural,1
200742,Male,Yes,1,Not Graduate,Yes,55798.79,18108.1,180553.55,120,1,Rural,1
200743,Female,No,3,Not Graduate,No,70389.46,19136.62,111676.68,240,1,Semiurban,1
200744,Male,No,3,Not Graduate,No,47792.91,-2158.22,103344.05,120,1,Rural,1
200745,Female,Yes,0,Graduate,Yes,40150.64,18045.65,183673.64,360,0,Urban,0
200746,Female,No,1,Not Graduate,Yes,63109.85,28364.84,137654.08,360,1,Semiurban,0
200747,Male,No,3,Not Graduate,No,51176.59,9322.77,53701.11,240,1,Rural,0
200748,Female,Yes,2,Not Graduate,Yes,52744.92,12492.8,239362.0,120,1,Semiurban,0
200749,Male,Yes,0,Not Graduate,No,37485.93,27927.11,128300.48,360,1,Rural,1
200750,Male,Yes,3,Graduate,No,24234.92,5233.43,224778.59,60,1,Urban,1
200751,Male,Yes,0,Not Graduate,Yes,53542.14,30578.01,213921.75,120,1,Semiurban,1
200752,Male,Yes,1,Graduate,No,63574.43,14678.56,99949.52,240,1,Semiurban,1
200753,Male,No,1,Not Graduate,No,46612.9,16114.32,201659.49,120,1,Rural,0
200754,Male,No,1,Not Graduate,Yes,71546.44,8761.22,117427.87,180,1,Urban,0
200755,Male,Yes,2,Graduate,Yes,39441.26,23780.46,56664.97,180,1,Semiurban,1
200756,Male,Yes,3,Graduate,No,34179.43,44598.72,128770.09,360,1,Rural,1
200757,Male,No,1,Not Graduate,Yes,48991.55,27814.97,169881.88,180,1,Urban,1
200758,Female,No,2,Not Graduate,No,48761.11,11357.15,126863.17,240,1,Urban,1
200759,Female,No,1,Not Graduate,No,61549.53,31356.21,134647.58,360,1,Urban,1
200760,Male,Yes,1,Graduate,No,38375.56,16833.2,207178.3,240,1,Urban,0
200761,Female,Yes,3,Not Graduate,No,70521.41,33744.85,155324.7,240,1,Semiurban,1
200762,Female,No,2,Graduate,No,79503.75,28066.76,107835.08,180,1,Semiurban,1
200763,Male,Yes,1,Not Graduate,No,49412.84,-9431.42,185101.52,180,1,Urban,0
200764,Male,No,2,Graduate,Yes,68745.66,9959.2,159883.78,240,1,Rural,1
200765,Female,Yes,2,Graduate,Yes,34152.54,29443.85,23919.76,180,0,Rural,1
200766,Male,Yes,1,Graduate,Yes,66128.32,21516.57,171417.65,180,1,Urban,1
200767,Male,No,1,Not Graduate,Yes,65709.15,9762.44,169591.44,180,1,Urban,1
200768,Male,No,0,Not Graduate,No,62951.56,13664.1,151006.06,120,1,Rural,1
200769,Female,Yes,3,Graduate,No,49766.55,937.63,194585.03,240,1,Urban,1
200770,Male,No,1,Graduate,No,5686.27,19116.27,116380.32,60,1,Urban,1
200771,Female,Yes,0,Graduate,No,40374.09,42106.9,166824.99,240,1,Semiurban,1
200772,Male,No,3,Not Graduate,No,40611.26,28049.33,71652.03,360,1,Semiurban,1
200773,Male,No,1,Not Graduate,Yes,35326.18,41904.17,170354.52,180,1,Urban,1
200774,Female,Yes,2,Not Graduate,Yes,51833.65,28823.97,247652.98,180,1,Urban,1
200775,Male,Yes,3,Graduate,Yes,43715.55,30274.79,100257.18,60,0,Semiurban,1
200776,Female,Yes,2,Not Graduate,No,37630.82,39740.79,112009.89,360,1,Urban,1
200777,Female,No,0,Not Graduate,No,34118.0,23772.63,114499.23,120,1,Semiurban,0
200778,Male,No,1,Not Graduate,Yes,39267.31,18127.73,156499.91,240,0,Semiurban,0
200779,Male,Yes,0,Graduate,No,66822.49,30326.58,96848.19,120,0,Rural,0
200780,Female,No,1,Not Graduate,No,40084.62,34538.4,171062.37,360,1,Semiurban,1
200781,Female,Yes,1,Not Graduate,Yes,42275.92,15200.35,192342.0,60,1,Rural,1
200782,Male,Yes,2,Not Graduate,No,43149.54,12784.31,176717.36,360,1,Rural,1
200783,Male,Yes,0,Not Graduate,Yes,55084.9,21388.56,61579.23,60,1,Semiurban,1
200784,Male,Yes,2,Not Graduate,Yes,56843.74,28314.99,199758.38,120,0,Urban,0
200785,Male,Yes,2,Graduate,Yes,4330.15,27980.91,196868.37,120,1,Semiurban,1
200786,Male,No,2,Graduate,Yes,65324.53,5758.32,191508.07,360,1,Rural,1
200787,Female,No,0,Graduate,No,71545.52,39116.06,168642.11,360,0,Semiurban,1
200788,Female,Yes,1,Graduate,No,34247.2,13588.35,161009.47,180,1,Semiurban,0
200789,Female,No,1,Not Graduate,No,35415.53,17349.35,201619.47,60,1,Rural,0
200790,Female,Yes,0,Not Graduate,Yes,43246.2,10973.46,246175.67,180,0,Semiurban,1
200791,Male,No,1,Graduate,No,38659.94,46983.29,102347.98,240,0,Semiurban,0
200792,Female,No,0,Graduate,Yes,53358.9,22420.71,203906.27,240,0,Rural,1
200793,Male,Yes,0,Graduate,No,20802.12,11490.25,145689.15,360,1,Urban,1
200794,Male,No,1,Not Graduate,No,33231.09,28639.24,143516.35,120,1,Rural,1
200795,Male,Yes,3,Not Graduate,Yes,73087.96,27691.36,73173.47,240,1,Rural,0
200796,Male,No,2,Not Graduate,No,36076.7,18122.73,135760.53,240,1,Semiurban,0
200797,Male,Yes,0,Graduate,Yes,68651.42,28406.07,100136.75,180,0,Rural,0
200798,Female,Yes,0,Graduate,Yes,55330.07,11747.08,126807.28,180,1,Semiurban,1
200799,Male,Yes,3,Graduate,No,22860.98,15070.82,95090.68,240,1,Semiurban,1
200800,Male,Yes,0,Not Graduate,No,59529.94,-102.17,127554.58,360,1,Semiurban,1
200801,Male,Yes,0,Not Graduate,No,48234.99,6760.49,129694.48,180,1,Rural,0
200802,Female,Yes,1,Graduate,No,43167.99,38076.31,154837.75,240,1,Rural,1
200803,Male,No,1,Graduate,Yes,53674.36,36414.29,69262.51,120,1,Semiurban,1
200804,Male,Yes,3,Not Graduate,Yes,57119.5,20657.89,77724.09,180,1,Urban,1
200805,Male,No,0,Not Graduate,No,60613.88,36629.31,168095.71,240,1,Urban,1
200806,Female,Yes,2,Graduate,No,67673.79,18399.26,110128.09,60,0,Rural,1
200807,Male,No,1,Graduate,No,56122.04,17565.9,203726.49,180,1,Semiurban,1
200808,Female,Yes,2,Not Graduate,Yes,29365.49,20565.11,161263.49,60,1,Semiurban,1
200809,Female,Yes,2,Graduate,No,42895.32,18750.78,180338.11,180,1,Rural,1
200810,Male,No,3,Graduate,Yes,94145.73,17848.04,220534.62,180,0,Urban,1
200811,Female,Yes,3,Not Graduate,No,60867.37,31433.98,134514.46,60,1,Rural,1
200812,Female,Yes,0,Graduate,No,85539.31,21501.36,121275.66,360,1,Rural,1
200813,Male,Yes,3,Not Graduate,Yes,70931.51,27124.82,193585.13,240,1,Semiurban,1
200814,Male,Yes,1,Graduate,Yes,53627.03,30313.81,175475.68,360,1,Rural,1
200815,Male,No,0,Not Graduate,No,54521.11,23881.86,140633.48,360,1,Urban,1
200816,Male,Yes,0,Graduate,Yes,49451.3,10297.29,219572.9,240,1,Rural,1
200817,Female,No,2,Graduate,Yes,23932.93,6471.34,139387.78,120,1,Semiurban,0
200818,Female,Yes,2,Graduate,No,50270.71,21487.81,151638.68,360,0,Urban,0
200819,Male,Yes,2,Not Graduate,Yes,68160.12,18287.44,151061.13,360,1,Semiurban,1
200820,Male,Yes,0,Graduate,Yes,41005.4,20873.91,103270.31,360,1,Rural,1
200821,Male,Yes,3,Graduate,No,56179.29,19839.46,153879.27,120,1,Rural,1
200822,Female,No,3,Not Graduate,No,62773.87,45835.74,219838.01,180,1,Rural,0
200823,Male,Yes,3,Graduate,Yes,36354.79,6697.74,172248.42,60,1,Semiurban,0
200824,Female,Yes,0,Not Graduate,No,43230.46,100.54,151553.17,60,1,Rural,1
200825,Female,Yes,0,Not Graduate,Yes,34731.33,23323.77,141911.64,120,1,Urban,1
200826,Female,No,0,Not Graduate,Yes,37667.52,16235.77,166543.35,360,1,Urban,0
200827,Female,No,0,Graduate,Yes,30685.92,23160.68,187488.33,60,1,Semiurban,1
200828,Male,No,0,Not Graduate,No,36493.27,25838.83,180461.94,120,1,Semiurban,0
200829,Male,No,3,Graduate,Yes,71291.84,32841.05,133406.76,240,1,Semiurban,1
200830,Male,Yes,0,Not Graduate,Yes,36267.84,4927.74,166239.08,60,1,Rural,0
200831,Female,Yes,3,Graduate,Yes,51896.89,14432.82,173996.99,240,1,Urban,1
200832,Female,No,0,Not Graduate,No,42456.97,24287.61,99640.25,360,1,Urban,1
200833,Male,Yes,3,Not Graduate,No,67682.99,27704.64,158411.53,60,1,Urban,1
200834,Female,Yes,1,Graduate,No,69667.43,41934.5,41934.81,120,0,Semiurban,0
200835,Female,No,1,Not Graduate,Yes,62961.05,29557.04,174126.69,180,0,Semiurban,0
200836,Female,Yes,3,Graduate,Yes,54592.02,19432.11,183017.15,60,0,Rural,1
200837,Male,No,1,Not Graduate,No,46534.11,11095.64,187377.31,60,0,Semiurban,0
200838,Male,No,1,Graduate,Yes,32121.88,14357.1,130247.66,60,1,Urban,0
200839,Male,No,3,Not Graduate,Yes,79152.93,14072.97,165452.34,60,1,Rural,1
200840,Female,No,0,Not Graduate,Yes,38604.9,26552.34,221197.69,120,1,Semiurban,0
200841,Male,No,0,Graduate,Yes,59954.7,22569.97,220688.48,120,1,Semiurban,1
200842,Male,No,3,Not Graduate,No,65893.48,6763.5,148541.37,180,0,Urban,0
200843,Male,Yes,2,Graduate,No,41670.79,15640.99,156965.98,120,1,Rural,1
200844,Female,Yes,2,Graduate,No,65570.19,28775.48,205545.56,120,1,Semiurban,1
200845,Female,Yes,1,Not Graduate,Yes,61463.2,23516.62,74959.9,360,1,Semiurban,1
200846,Female,No,2,Not Graduate,Yes,75919.46,25686.45,133846.21,360,0,Rural,0
200847,Female,No,1,Not Graduate,No,42959.8,23829.22,216778.52,240,0,Rural,1
200848,Female,No,0,Graduate,No,30712.04,36264.31,198760.03,180,1,Semiurban,1
200849,Male,Yes,3,Graduate,No,42417.65,22360.43,168463.19,360,0,Semiurban,1
200850,Male,Yes,0,Not Graduate,Yes,53132.8,16139.77,74708.38,180,1,Urban,1
200851,Female,No,3,Graduate,No,50873.19,10842.45,147504.49,180,1,Rural,1
200852,Female,No,2,Not Graduate,Yes,44098.43,22496.09,120504.23,60,1,Semiurban,1
200853,Male,No,0,Not Graduate,No,21362.04,-4407.04,166551.95,180,1,Semiurban,0
200854,Female,No,0,Not Graduate,Yes,57057.24,18157.11,109532.67,60,1,Semiurban,0
200855,Female,No,1,Graduate,Yes,79585.17,17941.6,98713.83,240,1,Semiurban,1
200856,Female,Yes,3,Graduate,No,56963.77,6355.29,46756.74,240,0,Urban,1
200857,Female,No,2,Not Graduate,Yes,59137.03,10717.34,211090.23,240,1,Rural,0
200858,Female,No,0,Graduate,Yes,58586.68,28096.58,130011.47,60,1,Semiurban,1
200859,Male,No,3,Not Graduate,No,55955.7,22307.12,157857.29,60,1,Rural,1
200860,Male,No,2,Not Graduate,No,63974.99,21017.88,149888.09,240,1,Rural,1
200861,Female,Yes,0,Graduate,No,55930.61,23063.48,96628.3,60,1,Semiurban,1
200862,Female,No,3,Not Graduate,Yes,45309.84,20926.28,87046.75,120,1,Semiurban,1
200863,Male,No,1,Not Graduate,Yes,38060.17,32428.63,99734.24,120,1,Semiurban,1
200864,Female,No,0,Not Graduate,No,46265.4,21234.29,113841.58,60,1,Urban,1
200865,Male,Yes,3,Not Graduate,No,54711.94,5417.87,168330.31,60,1,Semiurban,1
200866,Female,No,2,Not Graduate,Yes,45258.76,36301.3,110214.12,360,1,Rural,0
200867,Male,Yes,2,Graduate,No,54715.08,23703.4,237324.53,360,0,Rural,1
200868,Male,No,1,Graduate,No,56587.25,14107.46,201357.55,180,1,Urban,1
200869,Female,No,0,Not Graduate,Yes,62497.69,7465.98,190417.98,180,1,Semiurban,1
200870,Female,No,1,Graduate,Yes,69241.92,23959.14,144017.05,180,1,Semiurban,1
200871,Male,No,3,Not Graduate,No,51170.11,18828.28,225714.04,240,1,Urban,0
200872,Female,No,2,Not Graduate,Yes,30383.35,35741.47,139099.72,120,1,Urban,0
200873,Male,No,1,Not Graduate,Yes,44823.44,16540.93,148436.93,240,0,Semiurban,0
200874,Female,No,0,Not Graduate,No,50660.94,11626.19,158498.73,60,1,Semiurban,1
200875,Female,No,3,Graduate,No,22463.47,28957.96,185091.15,360,1,Rural,1
200876,Female,No,0,Graduate,No,70829.97,29252.82,181845.4,60,1,Semiurban,1
200877,Male,Yes,1,Not Graduate,Yes,52135.67,21686.51,126243.74,60,1,Semiurban,1
200878,Male,Yes,2,Graduate,No,55720.29,26763.57,123350.31,360,1,Rural,1
200879,Female,Yes,2,Not Graduate,Yes,70482.9,19623.13,181995.15,60,1,Rural,1
200880,Male,Yes,1,Graduate,No,40547.86,22338.65,185761.83,180,1,Rural,1
200881,Female,No,0,Not Graduate,Yes,58610.63,31649.91,130332.44,360,0,Rural,0
200882,Male,No,0,Not Graduate,Yes,48352.04,26253.18,70640.6,60,1,Urban,0
200883,Female,Yes,0,Not Graduate,No,47238.7,18307.26,139634.2,180,0,Rural,0
200884,Male,Yes,0,Graduate,Yes,38417.11,33523.63,181176.29,180,0,Urban,1
200885,Male,Yes,2,Graduate,No,74984.05,-3648.55,240270.84,120,0,Rural,0
200886,Male,Yes,0,Not Graduate,No,44367.5,40520.73,90102.1,180,1,Rural,1
200887,Male,No,1,Graduate,Yes,60491.96,2940.41,128671.44,240,1,Rural,1
200888,Male,Yes,1,Graduate,Yes,21874.89,13729.07,130529.82,360,1,Semiurban,1
200889,Male,No,1,Graduate,Yes,67699.83,19590.82,217790.27,360,1,Urban,1
200890,Female,No,1,Graduate,No,65783.17,18535.19,148252.92,360,0,Rural,0
200891,Female,No,0,Graduate,No,51461.51,30064.11,104633.67,60,1,Semiurban,1
200892,Male,Yes,2,Graduate,No,46595.86,9421.63,177934.76,60,1,Urban,1
200893,Female,Yes,3,Graduate,No,56000.0,22607.67,129768.07,240,1,Urban,1
200894,Male,No,0,Graduate,No,84331.86,14217.88,88780.64,180,1,Semiurban,1
200895,Female,Yes,3,Graduate,No,23551.45,22951.41,105361.33,60,1,Urban,1
200896,Female,Yes,2,Graduate,Yes,61730.41,19352.28,236702.1,180,1,Semiurban,1
200897,Female,No,0,Graduate,No,36325.74,20929.36,169210.46,180,1,Rural,1
200898,Female,No,3,Graduate,No,49701.22,14500.75,155388.0,60,1,Semiurban,1
200899,Male,Yes,2,Graduate,No,46281.8,14899.36,137505.31,60,1,Urban,1
200900,Female,No,3,Not Graduate,No,43575.23,22872.73,164607.44,240,1,Urban,1
200901,Female,Yes,1,Not Graduate,Yes,49843.02,29437.16,164011.8,120,1,Rural,1
200902,Female,Yes,1,Graduate,Yes,32987.43,14017.21,164608.44,360,1,Semiurban,1
200903,Male,No,2,Graduate,Yes,65437.71,11312.32,155742.25,60,1,Rural,1
200904,Female,No,2,Graduate,No,23087.85,26134.6,193439.92,60,0,Semiurban,1
200905,Male,Yes,3,Not Graduate,No,58096.47,19674.96,151155.22,180,0,Semiurban,1
200906,Male,No,2,Not Graduate,No,45101.96,28304.98,101103.06,120,0,Semiurban,1
200907,Female,Yes,1,Graduate,Yes,32436.13,10942.03,119378.86,60,1,Rural,1
200908,Male,No,1,Graduate,No,53035.75,2205.61,51049.07,120,0,Rural,1
200909,Female,Yes,0,Graduate,No,26645.73,14669.96,251340.86,360,0,Urban,0
200910,Female,No,3,Graduate,Yes,50595.71,12336.47,193137.73,180,0,Rural,1
200911,Female,Yes,2,Graduate,Yes,28656.85,19212.12,108496.48,240,1,Semiurban,1
200912,Female,Yes,2,Not Graduate,No,56919.08,13631.55,135907.76,360,0,Semiurban,0
200913,Female,No,2,Graduate,Yes,36134.64,27410.17,118156.18,120,1,Semiurban,0
200914,Female,Yes,3,Not Graduate,No,43235.09,17118.5,227127.36,120,1,Rural,1
200915,Female,Yes,1,Graduate,No,54409.24,21504.74,79006.14,360,1,Urban,1
200916,Male,Yes,2,Graduate,Yes,38411.87,21576.35,155723.8,120,1,Rural,1
200917,Male,Yes,2,Not Graduate,No,49130.54,21949.55,144573.61,240,1,Urban,1
200918,Female,Yes,1,Not Graduate,Yes,27292.54,19758.71,191341.93,240,1,Rural,1
200919,Female,No,2,Graduate,Yes,59463.13,25106.01,144799.54,120,1,Semiurban,1
200920,Male,Yes,0,Not Graduate,No,76473.71,12043.45,62089.56,120,0,Urban,1
200921,Female,Yes,1,Graduate,Yes,91883.13,33994.18,137444.11,240,1,Rural,1
200922,Male,Yes,1,Not Graduate,No,51367.52,17634.63,101391.89,120,1,Semiurban,1
200923,Male,No,1,Not Graduate,No,61823.06,6884.51,153978.98,60,1,Urban,1
200924,Female,No,0,Graduate,Yes,23290.61,21880.73,221708.85,180,1,Urban,1
200925,Female,Yes,1,Graduate,Yes,72541.01,11488.2,63028.74,60,1,Semiurban,1
200926,Male,Yes,3,Not Graduate,Yes,61643.43,26653.35,109988.86,120,1,Semiurban,1
200927,Male,No,3,Graduate,No,42741.0,42096.06,122365.35,120,1,Rural,1
200928,Female,No,3,Not Graduate,No,68557.71,12134.28,130918.45,180,1,Rural,1
200929,Female,Yes,1,Not Graduate,No,46182.86,23323.72,187006.28,120,1,Semiurban,1
200930,Male,No,1,Graduate,No,43129.62,2444.94,141322.78,180,1,Rural,1
200931,Male,Yes,1,Not Graduate,No,57130.02,24539.05,170790.14,240,1,Semiurban,0
200932,Male,Yes,0,Graduate,No,34049.68,11142.86,118711.35,180,0,Semiurban,1
200933,Female,Yes,3,Graduate,No,65324.37,13751.65,161496.22,180,1,Rural,1
200934,Female,No,2,Not Graduate,Yes,34160.15,8987.14,188889.88,60,1,Rural,0
200935,Female,Yes,2,Graduate,No,34249.18,27321.51,113385.02,120,1,Urban,1
200936,Male,Yes,1,Not Graduate,No,36354.65,30073.04,189067.91,240,1,Urban,0
200937,Male,No,0,Not Graduate,Yes,61392.5,20233.85,152618.64,360,1,Rural,1
200938,Female,Yes,1,Graduate,No,40748.37,11355.73,202273.01,180,1,Rural,1
200939,Male,Yes,2,Graduate,No,29780.06,35895.23,139929.0,360,1,Rural,0
200940,Male,Yes,3,Not Graduate,Yes,40914.8,12495.9,169062.23,120,1,Urban,1
200941,Male,No,2,Graduate,No,49519.36,-1620.32,147969.69,180,1,Rural,1
200942,Male,No,3,Not Graduate,Yes,32285.41,24583.89,145189.39,360,1,Urban,1
200943,Male,Yes,3,Not Graduate,No,32724.78,8952.25,162946.52,60,0,Urban,1
200944,Female,No,0,Not Graduate,No,81669.45,29886.09,176840.37,360,1,Urban,1
200945,Female,Yes,2,Not Graduate,Yes,37091.52,16188.62,87521.75,60,1,Urban,1
200946,Female,Yes,1,Not Graduate,Yes,45154.36,26037.13,221681.68,240,0,Semiurban,0
200947,Female,No,0,Graduate,No,44491.44,34015.0,57016.85,120,0,Rural,1
200948,Female,No,3,Not Graduate,No,43679.65,7911.41,115759.39,360,1,Rural,1
200949,Male,Yes,2,Not Graduate,Yes,59320.2,14340.63,145286.55,180,1,Semiurban,1
200950,Male,No,1,Not Graduate,No,64222.14,19243.29,170617.8,120,1,Rural,1
200951,Male,No,0,Not Graduate,Yes,45410.68,35375.51,228808.63,360,1,Urban,1
200952,Female,No,1,Not Graduate,Yes,31452.83,13416.17,57085.43,180,1,Semiurban,0
200953,Male,Yes,2,Not Graduate,Yes,69116.6,14054.96,124615.29,180,1,Urban,1
200954,Male,Yes,1,Graduate,No,48569.88,24781.41,43658.33,180,1,Semiurban,1
200955,Male,No,0,Graduate,No,75954.83,14227.71,151581.1,180,1,Urban,1
200956,Female,Yes,1,Not Graduate,No,16316.21,21525.26,163584.18,360,1,Rural,1
200957,Male,Yes,2,Not Graduate,Yes,52931.05,4484.63,229539.79,240,1,Rural,1
200958,Male,No,0,Not Graduate,No,78779.1,42143.3,156031.74,60,1,Rural,1
200959,Female,Yes,3,Graduate,Yes,44701.04,6522.91,202201.26,60,1,Semiurban,0
200960,Female,No,0,Not Graduate,Yes,46617.6,16782.47,179191.85,60,1,Rural,1
200961,Male,Yes,2,Not Graduate,No,54432.68,19675.19,128237.59,240,1,Semiurban,0
200962,Female,Yes,1,Not Graduate,No,41618.06,39126.88,79551.96,180,0,Urban,0
200963,Male,No,3,Not Graduate,Yes,45318.92,6751.54,163750.11,180,1,Rural,1
200964,Female,Yes,3,Not Graduate,No,44932.77,39837.04,75394.9,120,1,Urban,1
200965,Male,No,1,Not Graduate,Yes,40588.69,27571.77,214760.35,60,0,Rural,0
200966,Male,Yes,2,Graduate,No,68432.85,24170.95,141896.89,60,1,Urban,1
200967,Female,Yes,0,Not Graduate,Yes,56916.17,10153.66,209758.87,180,0,Semiurban,1
200968,Female,Yes,2,Not Graduate,No,53759.42,25711.41,125989.28,60,1,Rural,1
200969,Female,No,3,Not Graduate,Yes,62128.57,12765.13,163442.54,180,1,Semiurban,1
200970,Female,Yes,0,Not Graduate,No,46034.66,32666.61,160467.44,180,1,Semiurban,1
200971,Male,Yes,0,Not Graduate,Yes,38386.94,10289.38,147747.79,180,1,Urban,1
200972,Female,No,1,Not Graduate,Yes,40960.64,18868.42,128367.02,360,1,Rural,0
200973,Male,No,2,Not Graduate,Yes,50026.75,14447.27,169622.8,360,0,Semiurban,1
200974,Male,Yes,0,Not Graduate,Yes,34111.82,10124.77,103691.84,360,1,Urban,0
200975,Male,No,1,Not Graduate,Yes,42496.08,27413.2,89528.23,360,1,Urban,1
200976,Female,No,2,Graduate,Yes,42258.25,25354.59,212141.34,240,1,Urban,1
200977,Male,No,3,Graduate,No,81868.34,32090.1,186358.4,120,1,Rural,1
200978,Male,No,3,Graduate,Yes,8392.78,2201.25,153294.58,120,1,Rural,0
200979,Female,Yes,2,Not Graduate,Yes,47305.7,30641.71,233257.12,180,1,Urban,0
200980,Male,No,0,Graduate,No,75885.41,45054.49,136611.72,60,1,Rural,1
200981,Male,Yes,0,Graduate,No,51827.67,15483.59,216135.16,360,1,Urban,1
200982,Male,Yes,3,Graduate,Yes,61301.26,38951.49,158778.7,120,1,Rural,1
200983,Female,Yes,3,Graduate,No,51497.39,17368.39,98762.46,120,0,Rural,0
200984,Male,No,0,Not Graduate,No,39990.0,6275.9,242402.01,360,1,Urban,0
200985,Male,No,2,Graduate,Yes,16371.26,16943.68,199535.54,240,1,Urban,0
200986,Male,Yes,3,Graduate,Yes,53081.84,30482.04,143948.95,240,1,Rural,1
200987,Female,Yes,0,Not Graduate,No,38365.9,11618.24,186358.56,120,1,Urban,1
200988,Female,No,2,Graduate,No,37994.97,13996.61,129814.83,240,1,Urban,1
200989,Female,No,1,Not Graduate,No,42515.19,25935.39,191457.45,360,0,Urban,0
200990,Male,Yes,2,Graduate,No,76172.92,20030.6,30446.07,120,1,Urban,1
200991,Male,No,0,Graduate,No,86072.56,25846.23,99009.93,360,1,Rural,1
200992,Male,No,2,Graduate,No,53258.12,22378.3,198962.99,240,1,Semiurban,1
200993,Male,Yes,0,Not Graduate,Yes,43028.49,24796.25,137517.22,360,1,Rural,1
200994,Male,No,3,Graduate,No,32341.6,15676.99,160377.11,240,1,Urban,1
200995,Female,No,1,Graduate,Yes,57028.1,22317.31,82660.72,240,0,Urban,1
200996,Male,Yes,3,Not Graduate,Yes,76743.58,10726.27,242393.35,360,1,Rural,1
200997,Male,No,3,Graduate,No,46289.89,32884.34,209526.48,240,1,Urban,1
200998,Female,Yes,0,Graduate,Yes,14315.06,13657.25,139965.74,180,1,Rural,1
200999,Female,No,0,Graduate,No,60050.75,31288.47,129765.21,360,1,Semiurban,1
